,琴酒,新一,柯南,兰,步美,元太,光彦,阿笠博士,伏特加,基德,小五郎,安室透,小哀,目暮警官,平次,有希子,优作,妃英理,园子,贝姐,朗姆,秀一,和叶,朱蒂
1,85.0,167.0,144.0,33.0,10.0,4.0,8.0,11.0,45.0,5.0,7.0,1.0,1.0,1.0,,,,,,,,,,
2,29.0,54.0,145.0,44.0,1.0,2.0,,23.0,1.0,2.0,51.0,,7.0,,4.0,2.0,5.0,,,,,,,
3,3.0,28.0,93.0,19.0,44.0,13.0,7.0,2.0,,1.0,60.0,,2.0,1.0,1.0,,,7.0,3.0,,,,,
4,5.0,20.0,122.0,45.0,37.0,30.0,38.0,,1.0,5.0,4.0,,7.0,,,,,,,,,,,
5,75.0,24.0,106.0,17.0,20.0,2.0,27.0,5.0,16.0,2.0,9.0,,2.0,3.0,2.0,,,,,1.0,2.0,1.0,,
6,2.0,111.0,147.0,18.0,2.0,,7.0,,,7.0,56.0,,1.0,1.0,16.0,,,,58.0,,,,,
7,20.0,87.0,160.0,79.0,1.0,1.0,,2.0,2.0,5.0,4.0,,,1.0,,1.0,1.0,,,1.0,,,,
8,,9.0,93.0,21.0,1.0,1.0,3.0,,,4.0,27.0,,1.0,1.0,,1.0,,,,,,2.0,,
9,,17.0,61.0,4.0,,,,,,2.0,39.0,,1.0,,2.0,1.0,,,,,,,,
10,21.0,145.0,147.0,55.0,2.0,,3.0,2.0,,22.0,7.0,,1.0,,3.0,3.0,,,,,,1.0,2.0,
11,1.0,10.0,182.0,11.0,,1.0,,3.0,,5.0,31.0,,,6.0,1.0,,,1.0,,,,22.0,,
12,1.0,18.0,159.0,9.0,,,,1.0,,3.0,33.0,,,6.0,1.0,,1.0,,2.0,,,,,
13,14.0,19.0,98.0,36.0,151.0,12.0,22.0,6.0,,4.0,3.0,1.0,4.0,2.0,,,,1.0,,,,,,
14,61.0,14.0,102.0,42.0,,,,9.0,4.0,4.0,39.0,,14.0,,4.0,,,,,1.0,2.0,,,
15,3.0,26.0,148.0,7.0,3.0,11.0,15.0,,,13.0,24.0,,4.0,23.0,5.0,,1.0,,,1.0,,8.0,,
16,1.0,14.0,109.0,,13.0,31.0,10.0,,,1.0,3.0,,,7.0,,,,,,,,,,
17,,7.0,85.0,5.0,1.0,,,,,1.0,60.0,,,1.0,9.0,,,,,,,,,
18,2.0,17.0,131.0,13.0,46.0,139.0,45.0,1.0,2.0,7.0,14.0,,,9.0,,2.0,,,1.0,,,1.0,,
19,,43.0,89.0,9.0,3.0,,,,,14.0,4.0,,,5.0,5.0,,3.0,,99.0,,,2.0,,
20,,6.0,183.0,6.0,,1.0,,,,1.0,40.0,,1.0,3.0,,1.0,,4.0,2.0,,,,,
21,14.0,18.0,146.0,1.0,82.0,45.0,69.0,3.0,,6.0,,,2.0,,,,,,,,,1.0,,
22,,33.0,103.0,6.0,,,,,1.0,,22.0,,,3.0,,,,,1.0,1.0,,,,
23,,18.0,87.0,10.0,,1.0,,,,,19.0,,1.0,,2.0,,,,3.0,,,,,
24,,6.0,64.0,4.0,1.0,,,,,1.0,21.0,,2.0,1.0,1.0,,,,,,,7.0,,
25,7.0,15.0,134.0,21.0,,,,,,7.0,57.0,2.0,,2.0,1.0,,,9.0,1.0,1.0,,,,
26,,17.0,114.0,4.0,3.0,,,,,1.0,9.0,,2.0,,,,,,2.0,25.0,,,,
27,1.0,50.0,97.0,5.0,7.0,5.0,5.0,1.0,1.0,1.0,15.0,,,1.0,,,,4.0,,,,,,
28,1.0,24.0,187.0,30.0,1.0,2.0,,,,,75.0,1.0,,2.0,,,,3.0,,,,1.0,,
29,7.0,28.0,121.0,5.0,5.0,3.0,,2.0,1.0,9.0,109.0,1.0,,,,,2.0,1.0,1.0,,,1.0,,
30,2.0,42.0,122.0,3.0,,,,5.0,,3.0,9.0,2.0,2.0,2.0,2.0,,,1.0,,,,,,
31,2.0,7.0,98.0,,,1.0,,1.0,5.0,3.0,23.0,,1.0,4.0,,,,3.0,2.0,,1.0,,,
32,1.0,4.0,91.0,5.0,8.0,1.0,2.0,,,,32.0,,,12.0,,,,11.0,,,,,,
33,8.0,90.0,206.0,16.0,,,,1.0,,4.0,40.0,,,6.0,,2.0,1.0,43.0,20.0,,,,,1.0
34,1.0,35.0,103.0,2.0,21.0,24.0,12.0,15.0,1.0,3.0,3.0,,2.0,1.0,,1.0,31.0,1.0,,,,,,
35,3.0,79.0,103.0,28.0,2.0,2.0,,,,4.0,5.0,,,,1.0,,,,48.0,1.0,,,,
36,1.0,19.0,116.0,48.0,1.0,,,,,1.0,32.0,,,,1.0,,1.0,,96.0,,,,,
37,,18.0,245.0,,147.0,11.0,,,,1.0,12.0,,1.0,3.0,1.0,,1.0,1.0,1.0,,,,,
38,7.0,21.0,132.0,25.0,6.0,2.0,2.0,,,8.0,8.0,1.0,,,3.0,,,,1.0,,1.0,1.0,,
39,14.0,18.0,110.0,9.0,2.0,1.0,,2.0,2.0,4.0,16.0,,,,,,1.0,1.0,2.0,,,,,
40,2.0,11.0,55.0,23.0,2.0,,,,,2.0,14.0,,,,3.0,,4.0,,40.0,,,,,
41,1.0,4.0,99.0,26.0,,1.0,,,,1.0,23.0,,,,,,1.0,,11.0,,,2.0,,
42,,36.0,118.0,6.0,1.0,5.0,2.0,,,12.0,30.0,,,,9.0,,1.0,,29.0,,,3.0,,
43,3.0,55.0,67.0,25.0,,1.0,,1.0,,5.0,5.0,,2.0,3.0,1.0,3.0,,,45.0,1.0,,,,
44,59.0,70.0,180.0,8.0,1.0,2.0,6.0,13.0,2.0,,3.0,,1.0,,,52.0,43.0,,1.0,6.0,2.0,2.0,1.0,
45,2.0,5.0,56.0,6.0,,1.0,,1.0,2.0,,31.0,,4.0,1.0,,,,,1.0,,,,,
46,,6.0,89.0,8.0,1.0,2.0,,2.0,,1.0,14.0,,,1.0,3.0,,1.0,,,,,,,
47,1.0,12.0,144.0,4.0,2.0,9.0,,,,3.0,11.0,,1.0,,2.0,5.0,1.0,,3.0,,,,,
48,5.0,14.0,161.0,6.0,1.0,1.0,,4.0,,3.0,25.0,,1.0,4.0,28.0,,,,1.0,,,,,
49,2.0,130.0,117.0,22.0,1.0,,,1.0,3.0,9.0,15.0,,2.0,10.0,225.0,1.0,4.0,,19.0,,,,10.0,
50,22.0,439.0,120.0,34.0,9.0,1.0,2.0,,4.0,27.0,8.0,,1.0,4.0,48.0,1.0,,,,,,,1.0,
51,1.0,4.0,85.0,5.0,75.0,69.0,17.0,,1.0,1.0,4.0,,2.0,1.0,1.0,,,,,,,,,
52,1.0,9.0,115.0,9.0,2.0,2.0,3.0,,,,28.0,,2.0,12.0,,,,,1.0,,,1.0,,
53,14.0,25.0,101.0,13.0,1.0,,1.0,,1.0,4.0,12.0,,,7.0,1.0,1.0,,,3.0,,,,,
54,2.0,5.0,95.0,7.0,2.0,,1.0,,2.0,,40.0,,,5.0,1.0,,1.0,,,,,,,
55,3.0,7.0,133.0,3.0,1.0,1.0,,,2.0,6.0,15.0,,,3.0,,,,,3.0,,1.0,,,
56,64.0,7.0,113.0,49.0,1.0,,,1.0,12.0,4.0,34.0,1.0,,1.0,,,,,,2.0,,,1.0,
57,,10.0,96.0,5.0,7.0,9.0,2.0,,,2.0,10.0,,1.0,2.0,3.0,1.0,,,1.0,,,,3.0,
58,,6.0,63.0,6.0,,2.0,,,,4.0,27.0,,1.0,3.0,6.0,,1.0,,1.0,1.0,,,,
59,1.0,37.0,138.0,6.0,,,13.0,,,5.0,22.0,,2.0,11.0,48.0,1.0,1.0,1.0,,1.0,,,6.0,2.0
60,1.0,66.0,116.0,8.0,,2.0,2.0,1.0,,2.0,29.0,,,,167.0,2.0,,,1.0,,,,5.0,6.0
61,11.0,25.0,127.0,9.0,33.0,30.0,19.0,,,2.0,1.0,,2.0,2.0,3.0,,,,,,,,1.0,
62,,2.0,104.0,5.0,,,,1.0,,4.0,13.0,,1.0,7.0,1.0,3.0,,,,,,,,
63,3.0,18.0,112.0,58.0,16.0,2.0,2.0,,,4.0,32.0,,3.0,,,,,3.0,,2.0,,,,
64,2.0,19.0,178.0,104.0,32.0,1.0,1.0,1.0,,3.0,13.0,,3.0,,11.0,,,,2.0,1.0,,,12.0,
65,,6.0,122.0,,26.0,21.0,1.0,36.0,,4.0,9.0,,1.0,3.0,3.0,1.0,,,1.0,,,1.0,,
66,6.0,5.0,110.0,7.0,,,,,,9.0,35.0,,1.0,1.0,,,,5.0,1.0,,,,,
67,2.0,12.0,124.0,5.0,2.0,4.0,,2.0,,2.0,24.0,,,1.0,,30.0,2.0,3.0,,1.0,,,,
68,3.0,14.0,65.0,19.0,1.0,3.0,,1.0,1.0,7.0,17.0,,,3.0,,,1.0,,,,,,1.0,
69,1.0,26.0,105.0,1.0,1.0,,,2.0,,8.0,10.0,,2.0,1.0,1.0,2.0,8.0,,10.0,1.0,1.0,,,
70,6.0,52.0,178.0,44.0,1.0,2.0,,4.0,,23.0,9.0,,4.0,,1.0,2.0,18.0,12.0,3.0,,,2.0,,
71,1.0,20.0,134.0,57.0,,2.0,,,,8.0,25.0,1.0,1.0,,2.0,,2.0,7.0,,1.0,,,,
72,,25.0,141.0,24.0,,3.0,,13.0,,6.0,20.0,1.0,,,6.0,,,,1.0,,1.0,7.0,,
73,5.0,14.0,87.0,5.0,11.0,6.0,3.0,1.0,,2.0,12.0,,1.0,5.0,,2.0,,2.0,3.0,,,6.0,,
74,,11.0,72.0,7.0,1.0,1.0,,,,4.0,10.0,1.0,,1.0,,,1.0,,109.0,,,,,
75,1.0,35.0,110.0,43.0,59.0,68.0,21.0,,,11.0,8.0,,2.0,,1.0,,1.0,,6.0,,,,,
76,,8.0,136.0,5.0,2.0,,,,,27.0,20.0,,2.0,,,,6.0,,1.0,,,,,
77,1.0,4.0,98.0,15.0,,,,,,45.0,11.0,,,6.0,,,1.0,,1.0,,,,,
78,11.0,84.0,154.0,9.0,,1.0,1.0,10.0,,486.0,2.0,,2.0,,1.0,5.0,8.0,,21.0,3.0,,1.0,,
79,3.0,72.0,203.0,69.0,2.0,,,,,222.0,6.0,,,,2.0,,,,22.0,,,,2.0,
80,,27.0,84.0,8.0,1.0,4.0,,,,14.0,6.0,,2.0,5.0,87.0,,9.0,,12.0,,,3.0,5.0,
81,,46.0,104.0,8.0,,2.0,5.0,,,5.0,12.0,,1.0,7.0,91.0,,1.0,1.0,50.0,,,6.0,6.0,
82,1.0,11.0,148.0,21.0,1.0,2.0,,,,1.0,8.0,,,2.0,1.0,,,,111.0,,,,,
83,27.0,6.0,89.0,10.0,50.0,39.0,8.0,3.0,,1.0,11.0,,6.0,4.0,,,,3.0,1.0,,,,,
84,1.0,20.0,362.0,8.0,65.0,6.0,29.0,2.0,1.0,9.0,9.0,,,8.0,4.0,3.0,,,7.0,,,1.0,,
85,49.0,6.0,288.0,2.0,34.0,118.0,18.0,3.0,1.0,1.0,1.0,,7.0,6.0,,1.0,,,3.0,,,,,
86,3.0,6.0,102.0,5.0,,1.0,,,,,27.0,,,4.0,,,,8.0,5.0,,,,,
87,,41.0,160.0,12.0,,4.0,,6.0,,6.0,10.0,1.0,1.0,,2.0,,,4.0,106.0,,,,,
88,53.0,116.0,103.0,140.0,1.0,3.0,1.0,,1.0,2.0,14.0,,3.0,,2.0,,,13.0,55.0,,,,,
89,,20.0,217.0,25.0,39.0,42.0,62.0,17.0,,,2.0,1.0,2.0,,1.0,,1.0,,1.0,,,,,
90,,4.0,85.0,6.0,,5.0,,,,3.0,17.0,,,2.0,1.0,,,5.0,,,,,,
91,3.0,10.0,122.0,3.0,3.0,2.0,,,,6.0,23.0,,4.0,,2.0,,1.0,6.0,2.0,1.0,,40.0,,
92,,8.0,66.0,22.0,1.0,4.0,,1.0,,17.0,31.0,,,,9.0,,,,,,,,,
93,1.0,9.0,154.0,7.0,,7.0,,,,15.0,26.0,,,12.0,,3.0,6.0,1.0,,1.0,,,,
94,25.0,7.0,188.0,1.0,10.0,9.0,6.0,2.0,,3.0,20.0,,3.0,,,,,2.0,,,,,,
95,1.0,11.0,148.0,29.0,,1.0,,,,2.0,13.0,,,,2.0,,1.0,,,,,1.0,,1.0
96,3.0,5.0,171.0,7.0,,,,1.0,,,24.0,,,1.0,2.0,,1.0,,2.0,,,,4.0,
97,2.0,14.0,115.0,4.0,,,,,2.0,2.0,20.0,,,1.0,,1.0,2.0,,,,,1.0,,1.0
98,,5.0,194.0,9.0,7.0,7.0,8.0,,,,65.0,,,1.0,1.0,,1.0,44.0,10.0,,,,,
99,1.0,73.0,214.0,63.0,9.0,2.0,,8.0,,24.0,16.0,,1.0,1.0,2.0,15.0,4.0,3.0,3.0,,,4.0,,
100,8.0,90.0,195.0,81.0,,,,10.0,,6.0,11.0,,2.0,,10.0,65.0,12.0,1.0,1.0,2.0,,,2.0,
101,1.0,23.0,122.0,,1.0,,,1.0,1.0,,26.0,,,,,73.0,99.0,1.0,1.0,1.0,,,,
102,5.0,68.0,123.0,5.0,,1.0,,5.0,2.0,1.0,8.0,,,17.0,1.0,61.0,101.0,,,,1.0,2.0,,
103,28.0,5.0,107.0,3.0,2.0,1.0,,2.0,,,12.0,,2.0,5.0,,1.0,,5.0,,5.0,,,,
104,,5.0,156.0,9.0,2.0,1.0,,,2.0,3.0,25.0,,,12.0,,1.0,,,,,,,,
105,,10.0,134.0,2.0,,3.0,,,,2.0,7.0,1.0,,12.0,,,,,,,,1.0,,
106,1.0,165.0,168.0,144.0,2.0,,,1.0,1.0,1.0,17.0,,1.0,,5.0,4.0,,1.0,149.0,7.0,,,,
107,2.0,126.0,94.0,53.0,,5.0,,,,1.0,11.0,,,,6.0,2.0,,1.0,90.0,1.0,,1.0,,
108,,30.0,126.0,59.0,3.0,6.0,,,,3.0,8.0,,,12.0,,1.0,,,7.0,,,,1.0,
109,,7.0,78.0,14.0,11.0,8.0,,,,,40.0,,1.0,10.0,,,,,1.0,,,,,
110,,3.0,87.0,17.0,,3.0,4.0,,1.0,6.0,18.0,,1.0,,,1.0,,6.0,1.0,,,1.0,,
111,4.0,15.0,93.0,44.0,3.0,8.0,10.0,4.0,4.0,4.0,25.0,,1.0,,3.0,1.0,1.0,,2.0,,1.0,4.0,,
112,,3.0,109.0,25.0,1.0,8.0,,56.0,,16.0,21.0,,2.0,4.0,1.0,1.0,88.0,,,,,,,
113,,5.0,95.0,11.0,44.0,31.0,16.0,,,1.0,3.0,,2.0,,1.0,3.0,,,,1.0,5.0,,,
114,,49.0,84.0,6.0,23.0,18.0,59.0,,,,3.0,,1.0,2.0,,,,,,,,,,
115,1.0,7.0,170.0,23.0,59.0,34.0,17.0,1.0,1.0,2.0,15.0,,1.0,3.0,3.0,,,,,,,,,
116,,9.0,115.0,26.0,,1.0,,3.0,,,16.0,,,6.0,1.0,1.0,,,28.0,,13.0,,,
117,,3.0,92.0,6.0,1.0,1.0,75.0,,,,22.0,,2.0,2.0,,,1.0,,5.0,,3.0,,,
118,4.0,17.0,100.0,3.0,48.0,34.0,53.0,1.0,,,11.0,,3.0,,3.0,1.0,,,,,3.0,1.0,,
119,,11.0,115.0,13.0,,2.0,1.0,,,1.0,20.0,,,,2.0,2.0,,3.0,1.0,,,,,
120,1.0,37.0,89.0,33.0,1.0,1.0,7.0,,,,31.0,1.0,1.0,,2.0,1.0,,33.0,20.0,,1.0,,,
121,6.0,26.0,128.0,13.0,2.0,2.0,1.0,1.0,,1.0,29.0,,,,3.0,,4.0,20.0,2.0,,,2.0,1.0,1.0
122,32.0,26.0,94.0,18.0,,3.0,,1.0,,3.0,30.0,,5.0,1.0,7.0,,21.0,4.0,,,1.0,,,
123,1.0,25.0,90.0,12.0,,4.0,,1.0,1.0,,8.0,,,4.0,48.0,,2.0,,1.0,,1.0,,10.0,
124,1.0,33.0,129.0,15.0,,,,,,2.0,13.0,,3.0,,107.0,33.0,4.0,2.0,1.0,,2.0,1.0,246.0,
125,1.0,87.0,171.0,14.0,,3.0,1.0,,2.0,1.0,10.0,,,,247.0,2.0,,,,,,,60.0,
126,9.0,22.0,96.0,12.0,11.0,23.0,29.0,1.0,,3.0,17.0,,5.0,1.0,,,,,,,,,1.0,
127,1.0,5.0,126.0,3.0,,,,1.0,,,30.0,1.0,2.0,,1.0,,,,4.0,,,,,
128,,8.0,105.0,8.0,,,,,,2.0,20.0,1.0,9.0,3.0,1.0,2.0,,5.0,1.0,,,,2.0,
129,,3.0,121.0,5.0,,,,,,1.0,11.0,,1.0,4.0,2.0,,,9.0,,,,,,
130,1.0,16.0,123.0,22.0,66.0,63.0,71.0,3.0,,,4.0,,5.0,,1.0,,,,,,2.0,,,
131,1.0,19.0,157.0,19.0,,4.0,1.0,1.0,,,20.0,,7.0,5.0,,,,23.0,,,,2.0,,
132,2.0,4.0,103.0,,1.0,3.0,,,,5.0,24.0,,5.0,7.0,2.0,5.0,,1.0,1.0,,,1.0,,
133,,49.0,248.0,34.0,114.0,11.0,7.0,,,17.0,6.0,,6.0,,,,,,68.0,,,,7.0,
134,13.0,17.0,128.0,7.0,23.0,22.0,21.0,1.0,2.0,19.0,20.0,1.0,10.0,5.0,,1.0,,,26.0,,,1.0,,
135,163.0,13.0,167.0,12.0,9.0,1.0,1.0,,53.0,1.0,6.0,2.0,34.0,3.0,4.0,1.0,,1.0,,7.0,,38.0,,
136,28.0,27.0,86.0,6.0,74.0,30.0,37.0,5.0,1.0,,,,72.0,,,,,,7.0,3.0,4.0,3.0,,
137,42.0,18.0,172.0,3.0,23.0,84.0,10.0,1.0,3.0,2.0,,,37.0,1.0,2.0,,9.0,,29.0,5.0,1.0,1.0,,
138,24.0,69.0,191.0,5.0,1.0,2.0,,13.0,1.0,4.0,,,45.0,3.0,1.0,6.0,1.0,,2.0,6.0,,6.0,,
139,23.0,37.0,167.0,2.0,3.0,,,30.0,20.0,9.0,6.0,1.0,42.0,1.0,5.0,,,,,2.0,,10.0,1.0,
140,14.0,40.0,162.0,16.0,33.0,12.0,5.0,4.0,,3.0,13.0,,16.0,6.0,,1.0,2.0,,,2.0,,,,
141,10.0,12.0,129.0,6.0,31.0,17.0,,,1.0,10.0,3.0,,13.0,6.0,,,,,3.0,,,,,
142,,34.0,125.0,47.0,,,,1.0,1.0,173.0,8.0,,4.0,,1.0,,,,62.0,1.0,,,,
143,2.0,35.0,191.0,17.0,,,,1.0,,128.0,7.0,,,,1.0,,10.0,,54.0,,,,,
144,,20.0,118.0,32.0,1.0,,,,,167.0,3.0,,,,,,1.0,,129.0,,,,,
145,6.0,6.0,99.0,5.0,38.0,13.0,8.0,,5.0,1.0,2.0,,24.0,16.0,1.0,1.0,1.0,,,,,,,
146,47.0,8.0,178.0,10.0,111.0,33.0,20.0,14.0,1.0,1.0,5.0,,51.0,1.0,1.0,6.0,1.0,,1.0,,,1.0,1.0,1.0
147,21.0,11.0,132.0,4.0,142.0,34.0,154.0,6.0,,,2.0,,46.0,,,2.0,,,1.0,,,,,1.0
148,4.0,8.0,180.0,18.0,42.0,5.0,28.0,3.0,,,2.0,,25.0,5.0,1.0,,,,1.0,,,,1.0,
149,,2.0,104.0,4.0,33.0,28.0,10.0,11.0,,4.0,19.0,,26.0,2.0,,,,,,,,,,
150,9.0,6.0,149.0,7.0,221.0,36.0,18.0,16.0,,,7.0,,19.0,1.0,11.0,,,,12.0,1.0,,,6.0,
151,2.0,21.0,92.0,91.0,2.0,1.0,,1.0,1.0,,15.0,,,7.0,51.0,,,,4.0,1.0,,,80.0,
152,,5.0,72.0,16.0,,,,,,5.0,8.0,,,3.0,45.0,,,,4.0,,,,24.0,
153,1.0,15.0,96.0,6.0,4.0,1.0,,,,3.0,7.0,29.0,1.0,1.0,,,3.0,,101.0,,,,,
154,1.0,24.0,137.0,17.0,6.0,,4.0,,2.0,1.0,35.0,,1.0,3.0,2.0,70.0,52.0,,,3.0,,,3.0,
155,,39.0,110.0,2.0,1.0,,,8.0,,,26.0,,2.0,,2.0,57.0,130.0,,,4.0,,,6.0,
156,2.0,3.0,159.0,1.0,43.0,12.0,9.0,2.0,,2.0,14.0,5.0,8.0,6.0,1.0,1.0,2.0,,2.0,,,1.0,39.0,
157,,9.0,191.0,,,1.0,2.0,,,5.0,27.0,1.0,1.0,7.0,1.0,1.0,,,,,1.0,,4.0,1.0
158,,,85.0,,11.0,9.0,1.0,,,,28.0,1.0,21.0,4.0,,,,,,,,1.0,,
159,4.0,37.0,114.0,22.0,1.0,2.0,,,4.0,2.0,28.0,,1.0,5.0,,,,,1.0,,,,,
160,6.0,13.0,82.0,15.0,1.0,2.0,,,10.0,,22.0,1.0,1.0,2.0,1.0,9.0,1.0,10.0,2.0,,,,2.0,
161,,9.0,117.0,2.0,,1.0,,,9.0,3.0,32.0,,,1.0,1.0,,,7.0,,,,,,
162,6.0,24.0,116.0,46.0,,,,8.0,10.0,4.0,3.0,1.0,19.0,,,1.0,,,227.0,,,,,
163,7.0,61.0,155.0,18.0,,,,,,2.0,2.0,,1.0,,2.0,1.0,,1.0,210.0,,,1.0,1.0,
164,2.0,19.0,81.0,121.0,1.0,1.0,,,,5.0,4.0,,,,5.0,,,,190.0,,,,,
165,,19.0,166.0,5.0,1.0,1.0,,,,,21.0,3.0,2.0,1.0,2.0,,,,1.0,,,,,
166,2.0,6.0,133.0,2.0,89.0,9.0,35.0,4.0,,,6.0,,16.0,1.0,,2.0,3.0,,3.0,,,,2.0,
167,,4.0,51.0,1.0,7.0,20.0,10.0,62.0,,,1.0,,9.0,11.0,1.0,,,,,,,,,
168,2.0,2.0,107.0,11.0,2.0,,,,1.0,1.0,16.0,,2.0,5.0,1.0,,,,,,1.0,1.0,1.0,1.0
169,,1.0,99.0,13.0,,,,,1.0,1.0,25.0,,1.0,,,,,2.0,4.0,,,,,
170,,1.0,114.0,11.0,,,,,,,37.0,,,2.0,,,,,3.0,,,,,
171,1.0,18.0,95.0,9.0,1.0,,,,,,14.0,,3.0,3.0,,,,,,,,,,
172,1.0,291.0,60.0,34.0,8.0,1.0,3.0,1.0,,2.0,5.0,,4.0,12.0,2.0,2.0,1.0,,1.0,2.0,,,,
173,1.0,152.0,49.0,28.0,6.0,1.0,,1.0,,1.0,6.0,,1.0,4.0,3.0,1.0,,,,7.0,,,,
174,2.0,18.0,110.0,1.0,16.0,5.0,34.0,38.0,1.0,3.0,6.0,,18.0,2.0,,,5.0,,,,10.0,,,
175,,6.0,91.0,1.0,95.0,10.0,10.0,21.0,,,,,1.0,,1.0,,6.0,,,,1.0,,,
176,2.0,16.0,210.0,13.0,142.0,14.0,220.0,1.0,,,6.0,,10.0,,9.0,,1.0,,5.0,6.0,1.0,,3.0,
177,2.0,45.0,150.0,25.0,7.0,,1.0,1.0,3.0,1.0,18.0,,1.0,,84.0,,,,3.0,,,1.0,98.0,
178,,12.0,94.0,25.0,1.0,1.0,,,,,3.0,,2.0,,36.0,,,,16.0,,,,106.0,
179,,5.0,62.0,3.0,,1.0,,,,,19.0,,,1.0,38.0,,,,3.0,,,,35.0,
180,1.0,9.0,110.0,8.0,2.0,3.0,,,,1.0,19.0,,3.0,6.0,,,,,1.0,2.0,,,,
181,2.0,324.0,204.0,40.0,2.0,1.0,1.0,,,1.0,12.0,,2.0,,,2.0,,,,14.0,,,,
182,,259.0,167.0,51.0,,,2.0,5.0,,,10.0,,3.0,3.0,3.0,,,2.0,7.0,9.0,,,1.0,
183,1.0,28.0,93.0,21.0,1.0,,,1.0,,5.0,7.0,1.0,2.0,2.0,2.0,5.0,2.0,,145.0,1.0,,,1.0,
184,,42.0,181.0,7.0,1.0,3.0,1.0,1.0,,5.0,14.0,,,13.0,6.0,,1.0,,56.0,1.0,,,,
185,,10.0,128.0,56.0,,,,1.0,1.0,2.0,12.0,,1.0,1.0,41.0,,1.0,4.0,5.0,1.0,,,13.0,
186,,16.0,55.0,22.0,2.0,,,,,9.0,11.0,,,,61.0,1.0,6.0,1.0,,,1.0,,42.0,
187,10.0,37.0,96.0,23.0,2.0,,,6.0,,6.0,9.0,,3.0,,183.0,,3.0,1.0,3.0,,,,5.0,
188,,25.0,99.0,55.0,,3.0,,3.0,,,11.0,,,1.0,128.0,1.0,1.0,,,,,,16.0,
189,15.0,5.0,52.0,1.0,1.0,,,,,,15.0,,2.0,,,1.0,,,,,,,,
190,243.0,37.0,119.0,4.0,3.0,16.0,6.0,2.0,38.0,4.0,,1.0,45.0,2.0,1.0,2.0,,,,91.0,3.0,,,
191,33.0,47.0,160.0,1.0,11.0,,1.0,7.0,3.0,,8.0,,37.0,8.0,3.0,,,,,111.0,3.0,,,
192,225.0,18.0,137.0,3.0,2.0,,,11.0,44.0,2.0,6.0,,36.0,,3.0,,1.0,,1.0,73.0,1.0,2.0,,1.0
193,5.0,9.0,92.0,2.0,11.0,32.0,33.0,12.0,,,4.0,,6.0,,,3.0,,,,1.0,,1.0,1.0,
194,9.0,18.0,116.0,36.0,,1.0,,,,1.0,12.0,,1.0,,1.0,1.0,,,2.0,,,,,
195,21.0,6.0,67.0,2.0,,,,,,1.0,7.0,,3.0,15.0,,,,,,,,,,
196,11.0,6.0,134.0,2.0,14.0,34.0,52.0,,1.0,,1.0,,26.0,,,1.0,,,,,,,1.0,
197,13.0,3.0,74.0,1.0,29.0,44.0,28.0,2.0,,25.0,4.0,,4.0,1.0,,,,2.0,,1.0,,,,
198,1.0,1.0,108.0,5.0,,,,,,8.0,6.0,,,,2.0,1.0,2.0,,,1.0,1.0,,,
199,16.0,3.0,93.0,3.0,1.0,,1.0,,,13.0,12.0,,1.0,9.0,,1.0,,1.0,1.0,1.0,1.0,1.0,1.0,
200,13.0,10.0,199.0,12.0,1.0,2.0,,,,9.0,26.0,,,1.0,6.0,1.0,,1.0,3.0,,,31.0,,
201,3.0,3.0,63.0,9.0,,1.0,,,,4.0,28.0,,,1.0,,17.0,1.0,,4.0,,,,,
202,4.0,2.0,73.0,7.0,,2.0,,,,2.0,21.0,,,5.0,,,,,7.0,,,1.0,,
203,8.0,123.0,226.0,19.0,24.0,34.0,21.0,3.0,1.0,8.0,4.0,1.0,9.0,,,2.0,,1.0,14.0,27.0,,2.0,,
204,13.0,108.0,209.0,78.0,17.0,9.0,70.0,2.0,2.0,55.0,15.0,,18.0,1.0,38.0,6.0,3.0,,43.0,16.0,,1.0,27.0,
205,16.0,188.0,147.0,76.0,,3.0,1.0,1.0,2.0,18.0,8.0,,47.0,4.0,30.0,6.0,1.0,,30.0,34.0,1.0,2.0,46.0,2.0
206,19.0,336.0,120.0,19.0,1.0,,,,2.0,34.0,9.0,1.0,46.0,3.0,53.0,1.0,,,10.0,13.0,1.0,,32.0,
207,5.0,186.0,48.0,116.0,2.0,,,5.0,,4.0,5.0,,15.0,2.0,3.0,17.0,19.0,,42.0,,,,,9.0
208,53.0,271.0,77.0,111.0,,,,,1.0,2.0,16.0,,6.0,,15.0,8.0,12.0,,1.0,3.0,,1.0,,
209,4.0,45.0,109.0,22.0,,3.0,,,1.0,,19.0,,16.0,,5.0,,,2.0,,,,,2.0,
210,,19.0,115.0,22.0,,,,1.0,,,8.0,,,,5.0,,,1.0,,1.0,,,,
211,,66.0,80.0,156.0,,,,,,1.0,10.0,,,,1.0,,,,80.0,,,,2.0,
212,9.0,9.0,82.0,9.0,,,2.0,,,,17.0,,,,,,,,3.0,,,,,
213,16.0,,75.0,3.0,,,,,,,4.0,,,,,,,,,,,,,
214,,5.0,84.0,16.0,,,6.0,3.0,,,122.0,1.0,,,,8.0,,37.0,,,,1.0,,
215,,26.0,139.0,13.0,,,,,,,41.0,,,,2.0,12.0,1.0,18.0,,,,1.0,1.0,
216,,5.0,130.0,53.0,2.0,,,,,,29.0,,,2.0,,,9.0,,,4.0,,2.0,,
217,4.0,4.0,98.0,11.0,,1.0,,33.0,,10.0,5.0,,1.0,1.0,,,1.0,,,,,1.0,,
218,2.0,2.0,56.0,11.0,,1.0,,,,6.0,14.0,,1.0,,1.0,3.0,,12.0,61.0,5.0,,,,
219,,4.0,92.0,18.0,,,15.0,,,46.0,11.0,,,,,1.0,,2.0,1.0,,1.0,,,
220,59.0,31.0,147.0,2.0,71.0,15.0,17.0,,,1.0,6.0,,15.0,1.0,,,4.0,,,,,2.0,2.0,
221,2.0,21.0,101.0,,39.0,9.0,48.0,,,,,,19.0,1.0,,,,,1.0,,,,,
222,1.0,17.0,126.0,18.0,,,,1.0,,,21.0,,3.0,1.0,,,,1.0,1.0,,,,,
223,,18.0,91.0,1.0,2.0,,,,,,15.0,,,,2.0,1.0,,1.0,2.0,,,,,
224,,16.0,169.0,17.0,,,1.0,,1.0,7.0,17.0,,1.0,,1.0,1.0,,,,,,,1.0,
225,2.0,23.0,255.0,1.0,36.0,37.0,132.0,10.0,16.0,1.0,1.0,1.0,9.0,,1.0,,,,1.0,,,1.0,,
226,,14.0,100.0,3.0,,,,,,1.0,11.0,1.0,,2.0,6.0,,,,11.0,1.0,,,,1.0
227,3.0,12.0,52.0,,,,2.0,,,,11.0,,,,1.0,1.0,2.0,,2.0,,,,,
228,23.0,20.0,141.0,4.0,79.0,88.0,197.0,1.0,1.0,,,,57.0,1.0,,,1.0,,,6.0,16.0,1.0,,
229,5.0,18.0,125.0,1.0,31.0,54.0,139.0,2.0,1.0,1.0,2.0,,25.0,,,5.0,1.0,,,,7.0,,,
230,,7.0,73.0,19.0,1.0,1.0,1.0,1.0,,,24.0,,1.0,12.0,,5.0,,9.0,1.0,,,1.0,,
231,,11.0,100.0,17.0,,,,2.0,3.0,24.0,19.0,,1.0,,,2.0,,5.0,,,,,1.0,
232,1.0,24.0,55.0,3.0,,,1.0,6.0,,1.0,11.0,,,1.0,4.0,,1.0,2.0,1.0,,,,1.0,
233,12.0,40.0,116.0,28.0,,,,,,1.0,6.0,2.0,,33.0,17.0,1.0,,2.0,78.0,,1.0,2.0,,
234,16.0,7.0,59.0,13.0,,4.0,1.0,1.0,5.0,1.0,6.0,,1.0,61.0,,1.0,1.0,,166.0,,,,1.0,
235,,392.0,135.0,14.0,20.0,,,1.0,,140.0,5.0,,7.0,3.0,7.0,2.0,4.0,,18.0,,,,1.0,
236,7.0,26.0,70.0,18.0,,2.0,1.0,3.0,1.0,78.0,30.0,5.0,1.0,1.0,26.0,,,,,1.0,,3.0,,
237,29.0,10.0,129.0,18.0,,,,4.0,15.0,72.0,11.0,,1.0,,12.0,2.0,3.0,,1.0,1.0,13.0,1.0,1.0,
238,5.0,17.0,200.0,8.0,2.0,1.0,,,,104.0,31.0,,1.0,,7.0,,4.0,,1.0,1.0,,10.0,,
239,39.0,27.0,111.0,19.0,2.0,,,1.0,4.0,4.0,18.0,,1.0,1.0,85.0,10.0,1.0,18.0,2.0,2.0,,1.0,27.0,
240,2.0,7.0,74.0,3.0,,,,,,1.0,17.0,,,,61.0,12.0,,5.0,,,,,31.0,
241,20.0,19.0,81.0,30.0,6.0,5.0,,,2.0,5.0,4.0,,,,73.0,,,,9.0,6.0,,,116.0,
242,18.0,48.0,93.0,18.0,1.0,,,,10.0,4.0,2.0,,3.0,,99.0,,,,,2.0,,,125.0,8.0
243,7.0,3.0,34.0,6.0,,,1.0,,2.0,39.0,5.0,,1.0,,78.0,8.0,,1.0,11.0,39.0,,,41.0,
244,4.0,12.0,373.0,3.0,16.0,41.0,91.0,,,26.0,5.0,,11.0,,,,3.0,,,,,,,7.0
245,,8.0,126.0,26.0,1.0,,,1.0,8.0,1.0,3.0,11.0,,11.0,,1.0,,,52.0,47.0,1.0,4.0,,154.0
246,1.0,16.0,179.0,1.0,,2.0,,,1.0,,7.0,,,3.0,,1.0,,,94.0,61.0,,3.0,,66.0
247,1.0,109.0,121.0,73.0,1.0,,,2.0,,3.0,20.0,,,,,10.0,,,70.0,,,1.0,,
248,2.0,11.0,89.0,15.0,,,,,,13.0,7.0,,4.0,4.0,,,,,61.0,2.0,,21.0,,
249,74.0,10.0,66.0,,4.0,4.0,7.0,1.0,28.0,2.0,2.0,1.0,30.0,,2.0,4.0,,,1.0,201.0,15.0,269.0,,29.0
250,20.0,59.0,165.0,8.0,40.0,1.0,2.0,1.0,,,,1.0,26.0,,1.0,11.0,,1.0,,186.0,7.0,193.0,,75.0
251,,9.0,84.0,2.0,11.0,,,,,,8.0,1.0,,3.0,1.0,,,,,3.0,,1.0,,2.0
252,10.0,12.0,182.0,9.0,9.0,9.0,8.0,4.0,,3.0,1.0,1.0,40.0,,1.0,1.0,,,,74.0,,13.0,,3.0
253,,2.0,40.0,5.0,4.0,2.0,,,,4.0,1.0,,10.0,,,,,,1.0,,,,,
254,12.0,5.0,80.0,12.0,,4.0,,,11.0,,13.0,,,4.0,,,,,,,3.0,2.0,,
255,11.0,11.0,112.0,32.0,1.0,2.0,,,,2.0,6.0,,2.0,,1.0,,,3.0,5.0,1.0,,1.0,7.0,
256,,3.0,65.0,5.0,,,,,,2.0,13.0,,,,1.0,1.0,8.0,,1.0,,,,3.0,
257,5.0,109.0,133.0,47.0,,,,1.0,,1.0,21.0,,,,78.0,1.0,,,1.0,,,,57.0,3.0
258,,175.0,209.0,36.0,9.0,,,2.0,,,8.0,,,,189.0,,,,,1.0,,,52.0,
259,1.0,52.0,60.0,29.0,22.0,7.0,,1.0,,4.0,6.0,,,3.0,28.0,,,1.0,19.0,,,1.0,67.0,
260,1.0,4.0,72.0,2.0,,3.0,2.0,,,,10.0,10.0,1.0,2.0,2.0,1.0,,,,,2.0,,,
261,31.0,23.0,80.0,1.0,41.0,90.0,22.0,,,,10.0,,27.0,,,1.0,1.0,,,1.0,,1.0,,
262,14.0,10.0,112.0,21.0,,,,,2.0,3.0,102.0,,,,,,,2.0,1.0,,,,,
263,12.0,5.0,48.0,6.0,,1.0,,1.0,,,18.0,,,1.0,1.0,1.0,,,,1.0,2.0,,5.0,
264,,7.0,61.0,11.0,1.0,5.0,2.0,,,1.0,11.0,,,5.0,,1.0,,3.0,,,,3.0,,
265,2.0,24.0,105.0,88.0,109.0,34.0,5.0,3.0,,1.0,3.0,,33.0,,2.0,,,,101.0,,,4.0,,1.0
266,,10.0,36.0,75.0,17.0,2.0,1.0,27.0,,,16.0,,12.0,,,,,,85.0,,,,,
267,,3.0,49.0,6.0,1.0,,,1.0,,,16.0,,1.0,,,,,,,,7.0,,,
268,3.0,58.0,102.0,4.0,1.0,,,,1.0,,19.0,,2.0,3.0,2.0,,,5.0,1.0,,1.0,,,
269,1.0,138.0,121.0,10.0,2.0,,,,,,7.0,,1.0,,1.0,21.0,5.0,2.0,1.0,1.0,,,1.0,
270,,15.0,137.0,5.0,,6.0,,2.0,,1.0,16.0,,,1.0,2.0,,,1.0,,,,6.0,,
271,2.0,11.0,96.0,1.0,144.0,10.0,34.0,,,,,,4.0,9.0,,,,,1.0,,,,,
272,2.0,33.0,115.0,3.0,3.0,,,,,4.0,2.0,,,,,8.0,1.0,1.0,16.0,120.0,6.0,4.0,1.0,1.0
273,,34.0,147.0,3.0,,3.0,,,,,,,,,1.0,2.0,,,36.0,124.0,,123.0,,
274,,40.0,156.0,25.0,2.0,,,2.0,,,17.0,,,,1.0,,,,,2.0,,,,
275,,3.0,49.0,4.0,,,,1.0,,1.0,7.0,,,1.0,,1.0,,,,1.0,,1.0,,
276,,14.0,117.0,3.0,14.0,10.0,14.0,1.0,,,,,4.0,2.0,2.0,2.0,,,,,,,,
277,32.0,9.0,103.0,5.0,12.0,13.0,10.0,3.0,2.0,1.0,1.0,,23.0,,,,,,1.0,4.0,5.0,56.0,,11.0
278,44.0,9.0,110.0,,17.0,10.0,20.0,2.0,,1.0,,,15.0,2.0,1.0,,1.0,,2.0,12.0,4.0,265.0,,18.0
279,,4.0,161.0,7.0,,,,,,7.0,67.0,,,1.0,,,,,,2.0,,3.0,,
280,4.0,3.0,121.0,16.0,1.0,1.0,,,3.0,,15.0,,,,,,,,1.0,,,,,
281,,5.0,69.0,8.0,,,,,,,14.0,,,,2.0,,,,,,,,,
282,1.0,88.0,89.0,6.0,1.0,,,,,,5.0,,2.0,1.0,168.0,,,,1.0,,,,82.0,
283,1.0,39.0,69.0,3.0,,,,,,2.0,6.0,,,,111.0,1.0,9.0,,,,8.0,,37.0,
284,,20.0,226.0,15.0,,,,14.0,,,15.0,,,1.0,53.0,1.0,,,,,,,78.0,
285,11.0,53.0,196.0,12.0,,,1.0,6.0,1.0,1.0,21.0,,,,153.0,23.0,21.0,,,1.0,1.0,,25.0,
286,2.0,15.0,90.0,3.0,,,9.0,2.0,,,41.0,,1.0,,1.0,3.0,2.0,47.0,,,,,4.0,
287,1.0,12.0,112.0,5.0,,,,1.0,,,42.0,,,,,1.0,,26.0,,,,1.0,,
288,3.0,22.0,230.0,38.0,2.0,6.0,12.0,,,2.0,8.0,,4.0,,2.0,2.0,1.0,,57.0,,,8.0,1.0,
289,1.0,12.0,68.0,12.0,1.0,,,,,1.0,8.0,,,1.0,1.0,,,3.0,12.0,2.0,,92.0,,
290,12.0,81.0,108.0,110.0,1.0,,,,,12.0,9.0,,,,2.0,,2.0,1.0,58.0,,1.0,3.0,1.0,
291,18.0,33.0,106.0,25.0,53.0,16.0,8.0,13.0,2.0,1.0,22.0,2.0,13.0,7.0,1.0,1.0,,,,26.0,1.0,49.0,,3.0
292,14.0,81.0,110.0,104.0,10.0,15.0,8.0,2.0,,,1.0,2.0,25.0,,6.0,,1.0,1.0,1.0,12.0,2.0,120.0,,5.0
293,3.0,25.0,109.0,32.0,1.0,1.0,,,,,8.0,1.0,3.0,4.0,2.0,4.0,1.0,,53.0,25.0,,141.0,,29.0
294,28.0,9.0,92.0,10.0,3.0,1.0,1.0,1.0,5.0,,6.0,2.0,,5.0,,,1.0,,47.0,76.0,,8.0,,63.0
295,1.0,3.0,55.0,,42.0,6.0,19.0,,,,,,1.0,1.0,,1.0,1.0,,2.0,,,,,
296,,8.0,86.0,41.0,1.0,4.0,16.0,,,4.0,23.0,,,,2.0,2.0,,,25.0,101.0,,12.0,,2.0
297,,3.0,42.0,34.0,,1.0,1.0,,,,12.0,,,,,3.0,,,15.0,,,,,
298,,3.0,58.0,1.0,40.0,18.0,77.0,,,1.0,8.0,,7.0,2.0,3.0,,,,1.0,,,,2.0,
299,75.0,32.0,97.0,4.0,,,,2.0,2.0,1.0,7.0,4.0,6.0,4.0,78.0,6.0,,2.0,,76.0,,4.0,6.0,85.0
300,10.0,62.0,117.0,,,,1.0,,1.0,1.0,2.0,,1.0,4.0,159.0,4.0,,1.0,,38.0,2.0,23.0,101.0,79.0
301,8.0,13.0,84.0,1.0,13.0,14.0,26.0,6.0,,,4.0,1.0,33.0,1.0,2.0,38.0,,,2.0,35.0,,,,9.0
302,,22.0,66.0,7.0,,3.0,16.0,5.0,,2.0,,,21.0,,4.0,,1.0,,,,,,,
303,8.0,3.0,139.0,4.0,18.0,39.0,108.0,2.0,,,12.0,,2.0,,1.0,,,,18.0,,1.0,,,
304,1.0,9.0,92.0,17.0,,,,,1.0,,19.0,,,,,,,2.0,,,,,,
305,,1.0,87.0,2.0,1.0,,,,,3.0,15.0,,,,,,,,3.0,,,,,3.0
306,,59.0,138.0,53.0,3.0,,,,,,43.0,1.0,,,3.0,22.0,,,4.0,35.0,,58.0,,
307,,19.0,159.0,60.0,,4.0,,,,,29.0,,,,,,1.0,,1.0,12.0,,3.0,,4.0
308,25.0,150.0,31.0,105.0,,1.0,,,,9.0,7.0,23.0,2.0,3.0,4.0,49.0,16.0,1.0,1.0,156.0,,22.0,,12.0
309,4.0,132.0,33.0,71.0,1.0,1.0,,,,1.0,2.0,,1.0,18.0,,24.0,13.0,1.0,1.0,58.0,,14.0,,2.0
310,36.0,283.0,24.0,118.0,,2.0,1.0,,,2.0,4.0,,,,2.0,14.0,3.0,1.0,1.0,105.0,,191.0,,
311,2.0,8.0,106.0,2.0,29.0,15.0,131.0,28.0,,1.0,1.0,,28.0,,4.0,5.0,8.0,,5.0,1.0,,,5.0,
312,12.0,13.0,132.0,2.0,64.0,11.0,77.0,1.0,3.0,1.0,1.0,,21.0,,5.0,,,,2.0,,,,1.0,
313,,30.0,109.0,13.0,,1.0,1.0,,,,13.0,,,,85.0,1.0,,6.0,22.0,,,1.0,53.0,3.0
314,6.0,12.0,67.0,3.0,1.0,14.0,,1.0,3.0,1.0,2.0,,,,17.0,3.0,3.0,,17.0,,,1.0,26.0,
315,6.0,3.0,24.0,14.0,,,,,,,6.0,,,,26.0,1.0,,,2.0,1.0,,,29.0,
316,38.0,76.0,135.0,95.0,24.0,25.0,61.0,1.0,,,13.0,,9.0,,,,,,97.0,2.0,,,,
317,3.0,7.0,131.0,38.0,15.0,17.0,4.0,,,2.0,3.0,,8.0,,8.0,1.0,1.0,1.0,71.0,,,2.0,,
318,,10.0,93.0,10.0,,3.0,,,,,14.0,,,,,,,1.0,,,,,,
319,,3.0,92.0,6.0,,,1.0,1.0,,,19.0,,,,,,,17.0,1.0,,,,,
320,2.0,3.0,96.0,3.0,,,2.0,2.0,,,34.0,,,,,,,12.0,1.0,,,1.0,,
321,7.0,,47.0,2.0,1.0,,,3.0,,,3.0,,,,1.0,,,,1.0,,,,,
322,11.0,19.0,90.0,32.0,1.0,,1.0,,1.0,2.0,9.0,,,,,1.0,,,4.0,,,,1.0,
323,,3.0,44.0,,3.0,7.0,29.0,4.0,,,,8.0,22.0,2.0,,,,,3.0,,,3.0,,
324,,6.0,58.0,10.0,33.0,9.0,11.0,3.0,,1.0,1.0,1.0,18.0,7.0,1.0,,2.0,,1.0,,,1.0,,
325,1.0,8.0,96.0,2.0,17.0,9.0,162.0,,,,22.0,,4.0,,,1.0,,,1.0,,,,1.0,
326,6.0,27.0,87.0,7.0,,2.0,,2.0,1.0,2.0,3.0,6.0,4.0,4.0,1.0,,7.0,,,,,2.0,1.0,
327,5.0,5.0,99.0,1.0,11.0,4.0,2.0,,,1.0,,1.0,28.0,1.0,,,1.0,,2.0,,2.0,1.0,,
328,17.0,55.0,262.0,20.0,49.0,14.0,39.0,7.0,,1.0,2.0,1.0,12.0,1.0,1.0,3.0,2.0,,40.0,,,16.0,,
329,11.0,48.0,286.0,34.0,4.0,2.0,2.0,1.0,,,2.0,5.0,5.0,9.0,2.0,5.0,2.0,,7.0,2.0,,1.0,,
330,1.0,4.0,108.0,11.0,17.0,1.0,,,,1.0,49.0,,1.0,,4.0,2.0,,10.0,1.0,,,,1.0,
331,3.0,58.0,288.0,11.0,,,,1.0,3.0,,81.0,,,,6.0,,4.0,8.0,,,,4.0,2.0,
332,17.0,9.0,116.0,30.0,2.0,4.0,5.0,4.0,3.0,6.0,14.0,,1.0,1.0,1.0,,3.0,1.0,,4.0,5.0,,1.0,
333,4.0,33.0,163.0,20.0,4.0,,,,,27.0,8.0,,1.0,19.0,,1.0,1.0,,1.0,1.0,,92.0,,
334,28.0,74.0,193.0,64.0,1.0,1.0,1.0,12.0,26.0,16.0,1.0,,13.0,,2.0,,,,,35.0,,170.0,,6.0
335,109.0,11.0,163.0,,,,,8.0,165.0,22.0,,,11.0,,,2.0,,,,3.0,2.0,4.0,,
336,336.0,47.0,253.0,1.0,1.0,3.0,1.0,5.0,64.0,4.0,6.0,,23.0,,,3.0,2.0,,,117.0,3.0,55.0,,1.0
337,1.0,7.0,87.0,5.0,78.0,14.0,21.0,2.0,1.0,11.0,2.0,,38.0,1.0,,1.0,1.0,,1.0,1.0,,,,
338,,3.0,157.0,3.0,105.0,21.0,51.0,,,3.0,2.0,,32.0,,,,,,2.0,,,,1.0,
339,1.0,3.0,90.0,10.0,,,,2.0,,6.0,17.0,,,1.0,,,,,,,,,1.0,
340,,,94.0,16.0,,,,,,,15.0,,,,1.0,,,,,,,,,
341,,15.0,109.0,21.0,1.0,1.0,,,1.0,4.0,4.0,,,8.0,3.0,1.0,1.0,,47.0,,,2.0,1.0,
342,,2.0,92.0,48.0,1.0,,2.0,,,3.0,6.0,,,4.0,11.0,,,,4.0,,1.0,,,
343,7.0,4.0,59.0,25.0,,2.0,,8.0,,,10.0,,,,,,,,1.0,,,,,
344,1.0,11.0,60.0,4.0,,,,,,,8.0,,,,,,,,,,,,,
345,1.0,6.0,46.0,,,,1.0,,1.0,,8.0,1.0,,2.0,1.0,,,,1.0,1.0,,,1.0,
346,7.0,11.0,273.0,1.0,12.0,8.0,14.0,1.0,,2.0,2.0,,,,,5.0,50.0,,1.0,3.0,,2.0,,
347,3.0,,377.0,,18.0,2.0,7.0,,,4.0,2.0,,3.0,3.0,1.0,,,,2.0,5.0,,,,
348,7.0,29.0,78.0,,,4.0,,1.0,2.0,1.0,9.0,1.0,,1.0,169.0,,,3.0,1.0,1.0,,,91.0,34.0
349,2.0,25.0,133.0,6.0,,1.0,,,1.0,14.0,4.0,,1.0,,102.0,,,,3.0,,1.0,,79.0,
350,,14.0,97.0,14.0,2.0,,,,,2.0,8.0,,,,60.0,1.0,1.0,1.0,,,,1.0,49.0,
351,,5.0,57.0,10.0,1.0,,1.0,,,,3.0,,1.0,,14.0,,,,1.0,,,,54.0,
352,,6.0,47.0,3.0,,,,,,,1.0,,,1.0,14.0,1.0,1.0,,,1.0,,,15.0,
353,,23.0,84.0,6.0,1.0,12.0,,,,,7.0,,,2.0,,,,1.0,2.0,,,,,
354,,3.0,120.0,5.0,85.0,12.0,11.0,8.0,,2.0,3.0,3.0,18.0,2.0,11.0,,,2.0,31.0,2.0,,3.0,,
355,1.0,26.0,105.0,36.0,51.0,5.0,5.0,10.0,,,2.0,,19.0,2.0,3.0,,,,14.0,,,,1.0,
356,1.0,80.0,181.0,33.0,20.0,,,,3.0,1.0,29.0,2.0,1.0,,1.0,1.0,,1.0,109.0,,,1.0,,
357,,16.0,79.0,13.0,,,,2.0,,,12.0,,,,,4.0,1.0,,30.0,,,,,
358,3.0,35.0,142.0,36.0,1.0,1.0,,1.0,3.0,2.0,52.0,,,,3.0,177.0,31.0,24.0,17.0,26.0,,12.0,,2.0
359,2.0,75.0,150.0,13.0,,,,5.0,,1.0,21.0,19.0,,10.0,3.0,94.0,65.0,4.0,,3.0,2.0,1.0,1.0,1.0
360,50.0,105.0,214.0,31.0,35.0,33.0,16.0,2.0,7.0,,2.0,3.0,35.0,1.0,4.0,138.0,23.0,,2.0,5.0,3.0,51.0,1.0,1.0
361,13.0,1.0,70.0,2.0,5.0,1.0,,13.0,,,,,20.0,3.0,1.0,44.0,7.0,,1.0,7.0,,95.0,,1.0
362,,1.0,75.0,4.0,1.0,,,,,,21.0,,,,,,,,,1.0,,2.0,,
363,76.0,48.0,114.0,16.0,2.0,3.0,,4.0,5.0,1.0,2.0,2.0,42.0,2.0,1.0,4.0,3.0,,39.0,28.0,1.0,197.0,,34.0
364,20.0,12.0,166.0,10.0,,,1.0,16.0,2.0,,11.0,,33.0,9.0,,3.0,,2.0,76.0,104.0,,50.0,2.0,83.0
365,26.0,32.0,235.0,53.0,31.0,3.0,1.0,16.0,1.0,1.0,1.0,1.0,60.0,1.0,2.0,,1.0,,,70.0,1.0,30.0,,12.0
366,69.0,9.0,95.0,3.0,6.0,3.0,,15.0,1.0,,1.0,,36.0,6.0,1.0,1.0,2.0,,,72.0,1.0,2.0,,1.0
367,1.0,11.0,95.0,13.0,,,,1.0,1.0,23.0,3.0,,,,1.0,,,,106.0,,,,,
368,1.0,11.0,95.0,10.0,,,,1.0,,,,,2.0,,,1.0,,,73.0,,,,,
369,5.0,51.0,92.0,35.0,17.0,5.0,4.0,4.0,,1.0,24.0,,7.0,,1.0,12.0,1.0,1.0,94.0,83.0,,10.0,1.0,54.0
370,,176.0,34.0,146.0,,1.0,,,,8.0,25.0,,,,8.0,6.0,4.0,1.0,40.0,31.0,,9.0,1.0,56.0
371,123.0,50.0,103.0,15.0,,,1.0,2.0,45.0,7.0,18.0,2.0,16.0,1.0,52.0,46.0,3.0,,57.0,140.0,3.0,45.0,3.0,15.0
372,5.0,93.0,77.0,7.0,5.0,2.0,1.0,5.0,11.0,81.0,8.0,1.0,19.0,,30.0,34.0,37.0,,12.0,34.0,3.0,8.0,,44.0
373,31.0,137.0,100.0,7.0,1.0,3.0,,,86.0,43.0,7.0,,14.0,1.0,30.0,16.0,1.0,1.0,16.0,181.0,2.0,7.0,,45.0
374,36.0,54.0,199.0,42.0,,1.0,,7.0,12.0,19.0,17.0,2.0,39.0,,55.0,77.0,1.0,,2.0,252.0,1.0,53.0,9.0,65.0
375,73.0,60.0,159.0,215.0,4.0,,,10.0,13.0,2.0,2.0,1.0,19.0,,4.0,3.0,,,1.0,359.0,3.0,177.0,1.0,36.0
376,15.0,14.0,83.0,46.0,73.0,16.0,1.0,,1.0,,,13.0,11.0,,,7.0,1.0,,24.0,23.0,,8.0,,33.0
377,2.0,5.0,114.0,3.0,58.0,3.0,6.0,1.0,,3.0,1.0,1.0,15.0,,,1.0,,,1.0,1.0,1.0,,,22.0
378,1.0,6.0,115.0,19.0,116.0,8.0,9.0,4.0,,4.0,14.0,,16.0,1.0,1.0,1.0,,1.0,,,,2.0,,
379,,2.0,69.0,3.0,35.0,1.0,4.0,1.0,,7.0,11.0,,4.0,,1.0,,2.0,,,1.0,,,,
380,,2.0,60.0,2.0,,,,,,,19.0,4.0,,,,1.0,,,3.0,3.0,,1.0,,
381,,1.0,35.0,2.0,,,,5.0,,,7.0,3.0,,,,,,,,,,,,
382,,7.0,110.0,2.0,34.0,21.0,11.0,,,,20.0,,4.0,,,,,,50.0,,,1.0,,
383,,1.0,46.0,3.0,4.0,4.0,9.0,,,,2.0,,,,,,,,37.0,,,1.0,,
384,,32.0,123.0,22.0,7.0,,8.0,,,,18.0,,,,4.0,,,2.0,,,,1.0,,
385,,2.0,51.0,8.0,,,,1.0,,21.0,12.0,,1.0,,,1.0,,1.0,,2.0,,,,
386,1.0,11.0,127.0,5.0,,,,1.0,,320.0,10.0,,,,,1.0,,,44.0,,,2.0,,
387,,52.0,146.0,70.0,,,,13.0,,210.0,7.0,,,,2.0,,,,32.0,,,,,
388,,42.0,75.0,49.0,4.0,2.0,,1.0,,5.0,4.0,1.0,,1.0,4.0,,,,1.0,1.0,,,6.0,
389,39.0,7.0,135.0,,13.0,7.0,1.0,3.0,6.0,,2.0,1.0,14.0,1.0,5.0,,,,34.0,,,7.0,3.0,
390,2.0,11.0,65.0,1.0,12.0,4.0,7.0,13.0,3.0,2.0,3.0,1.0,,,6.0,,,,,,1.0,,3.0,
391,,1.0,43.0,3.0,8.0,8.0,3.0,1.0,,,4.0,,1.0,,,1.0,,,6.0,3.0,,,1.0,
392,10.0,64.0,110.0,27.0,24.0,1.0,,,4.0,4.0,6.0,1.0,2.0,,6.0,1.0,,,98.0,30.0,1.0,8.0,4.0,
393,5.0,10.0,74.0,6.0,,1.0,,,,1.0,7.0,,1.0,,,6.0,,,57.0,132.0,,,,20.0
394,2.0,8.0,95.0,9.0,97.0,5.0,12.0,,,1.0,1.0,,5.0,,1.0,,,,,1.0,,,,
395,,15.0,33.0,11.0,,,,,,,11.0,,,3.0,1.0,,2.0,,,,,,1.0,1.0
396,1.0,4.0,26.0,8.0,,,,5.0,1.0,,13.0,,1.0,,,,,,1.0,,,,,
397,,5.0,52.0,,11.0,34.0,14.0,3.0,,,1.0,,11.0,,,,,,,,,,,
398,,22.0,72.0,1.0,33.0,65.0,8.0,4.0,,,6.0,,16.0,,1.0,1.0,,1.0,2.0,,,,,
399,,18.0,139.0,18.0,6.0,,1.0,,,,4.0,1.0,,7.0,,9.0,,,150.0,,,,,
400,,41.0,66.0,6.0,36.0,6.0,12.0,2.0,,1.0,16.0,,1.0,,1.0,1.0,,1.0,,5.0,,,1.0,
401,1.0,3.0,87.0,,44.0,66.0,16.0,1.0,1.0,1.0,1.0,,11.0,2.0,4.0,,,,,,,,1.0,
402,,6.0,122.0,40.0,,,,1.0,,,13.0,,1.0,,2.0,,,3.0,2.0,20.0,,,,
403,,6.0,88.0,11.0,,,,,,,16.0,,,,1.0,2.0,,4.0,1.0,13.0,,,,
404,,2.0,52.0,2.0,1.0,4.0,5.0,1.0,,,4.0,1.0,14.0,6.0,1.0,4.0,,,1.0,2.0,,,,
405,,4.0,47.0,,34.0,15.0,40.0,31.0,,1.0,4.0,,24.0,,5.0,,,,1.0,5.0,,,,
406,,1.0,73.0,3.0,3.0,9.0,5.0,8.0,,,3.0,,33.0,,,2.0,,,,2.0,,,,
407,,29.0,104.0,67.0,18.0,13.0,1.0,1.0,,2.0,,,9.0,,1.0,,,,2.0,11.0,,,1.0,
408,,22.0,46.0,,20.0,15.0,22.0,8.0,,1.0,5.0,,22.0,,5.0,,1.0,,,,,,,
409,,11.0,36.0,,13.0,14.0,25.0,2.0,1.0,,4.0,,2.0,4.0,1.0,,1.0,,1.0,1.0,,,,
410,12.0,9.0,55.0,18.0,1.0,,,,,1.0,31.0,,,,2.0,2.0,10.0,6.0,4.0,,,,4.0,
411,,3.0,64.0,6.0,1.0,,3.0,,,1.0,7.0,,1.0,,1.0,,1.0,,1.0,,,,,
412,4.0,27.0,195.0,23.0,,,,2.0,1.0,,11.0,,,6.0,143.0,,6.0,1.0,2.0,,,,132.0,
413,2.0,58.0,240.0,4.0,,,,,,,19.0,,,2.0,84.0,,1.0,,1.0,,,,86.0,
414,2.0,75.0,50.0,17.0,1.0,,,,,1.0,7.0,,1.0,,36.0,,,1.0,4.0,,,1.0,29.0,
415,1.0,90.0,69.0,11.0,,,5.0,2.0,,4.0,3.0,,,,113.0,,2.0,,,,,2.0,7.0,
416,7.0,68.0,69.0,16.0,,1.0,1.0,,,,,,,,23.0,,2.0,,,,,,2.0,
417,,75.0,60.0,31.0,2.0,,6.0,,,2.0,34.0,2.0,,,42.0,,1.0,,,,,,10.0,
418,,36.0,73.0,7.0,3.0,,,,,5.0,31.0,,1.0,6.0,3.0,,1.0,,1.0,,,,,
419,3.0,13.0,113.0,7.0,,,,1.0,,2.0,22.0,,4.0,,1.0,1.0,,1.0,7.0,5.0,2.0,,3.0,
420,6.0,44.0,149.0,10.0,,,,,,,11.0,,1.0,6.0,3.0,,,,,,,,3.0,
421,2.0,17.0,94.0,3.0,2.0,,,,1.0,,6.0,,,1.0,,26.0,,,1.0,2.0,1.0,2.0,,
422,15.0,,30.0,4.0,,,,1.0,2.0,,19.0,,,,1.0,,,,,,,,,
423,7.0,3.0,39.0,5.0,7.0,1.0,,,1.0,,16.0,,,,,,,,,,,,,
424,,11.0,179.0,,47.0,15.0,4.0,,,11.0,1.0,,9.0,,,,,,1.0,,,,1.0,
425,,7.0,114.0,1.0,1.0,3.0,1.0,,,,3.0,,13.0,10.0,2.0,,,,1.0,,,,,
426,,5.0,110.0,4.0,,3.0,,,,,5.0,,,2.0,1.0,7.0,1.0,,1.0,,,1.0,,
427,,2.0,27.0,,3.0,,4.0,,,2.0,4.0,,,2.0,3.0,,5.0,,2.0,,,,,
428,9.0,23.0,212.0,1.0,6.0,23.0,64.0,6.0,,190.0,1.0,1.0,29.0,1.0,,6.0,4.0,,,6.0,1.0,6.0,1.0,
429,1.0,14.0,165.0,,12.0,90.0,11.0,9.0,,130.0,1.0,,13.0,,6.0,,,,4.0,1.0,,,1.0,1.0
430,,15.0,76.0,,4.0,50.0,50.0,5.0,,148.0,,,14.0,,1.0,1.0,,,2.0,1.0,,2.0,,
431,,1.0,42.0,,,,,,,,5.0,,,3.0,,,,,2.0,,,,,
432,1.0,61.0,147.0,49.0,,,,,,,9.0,,3.0,2.0,5.0,,,,,9.0,,,2.0,
433,12.0,51.0,122.0,73.0,,1.0,,1.0,,2.0,8.0,,1.0,,2.0,1.0,,,1.0,,2.0,,6.0,
434,20.0,114.0,122.0,123.0,31.0,,,5.0,2.0,3.0,9.0,1.0,2.0,,11.0,20.0,5.0,,2.0,2.0,,1.0,4.0,2.0
435,7.0,10.0,78.0,9.0,35.0,11.0,2.0,,1.0,10.0,1.0,,18.0,1.0,2.0,,,,3.0,10.0,,2.0,1.0,
436,,4.0,84.0,1.0,2.0,2.0,15.0,1.0,,1.0,,,4.0,,4.0,,,,,2.0,,,1.0,1.0
437,4.0,3.0,127.0,,40.0,46.0,71.0,,1.0,3.0,5.0,,10.0,3.0,,,,,1.0,,,,2.0,
438,3.0,7.0,112.0,4.0,23.0,31.0,21.0,,,1.0,1.0,,24.0,,1.0,2.0,,,,,,,1.0,
439,,,61.0,1.0,,3.0,,,,2.0,32.0,,,2.0,,,,,,3.0,,,,
440,,28.0,102.0,28.0,,,,,,55.0,3.0,,,,38.0,3.0,2.0,1.0,10.0,,,1.0,31.0,
441,,89.0,201.0,29.0,,,,,2.0,3.0,1.0,,,6.0,75.0,3.0,2.0,,1.0,,,9.0,31.0,
442,,31.0,57.0,8.0,,1.0,,,1.0,4.0,,,1.0,18.0,50.0,,,,,,,,29.0,
443,,49.0,107.0,46.0,11.0,11.0,3.0,1.0,,3.0,5.0,,2.0,3.0,,1.0,1.0,,64.0,1.0,,,2.0,
444,,23.0,44.0,56.0,31.0,2.0,8.0,,,2.0,,,,,,1.0,,,8.0,1.0,,1.0,,1.0
445,1.0,56.0,112.0,21.0,9.0,2.0,13.0,1.0,,,6.0,,16.0,,6.0,,,,109.0,,,,,
446,,32.0,73.0,33.0,9.0,7.0,17.0,,,,,,18.0,,,,,,80.0,,,,,
447,,10.0,65.0,,24.0,,,,1.0,,8.0,1.0,,6.0,1.0,,1.0,,,,,1.0,,
448,,2.0,57.0,,15.0,12.0,42.0,,,,,,14.0,,,,,,,,,,,
449,12.0,6.0,65.0,10.0,,,,,,2.0,11.0,,,,,,,,1.0,4.0,,,1.0,
450,2.0,19.0,116.0,22.0,,,,1.0,,,7.0,,,,2.0,,,1.0,,,,,1.0,
451,6.0,6.0,28.0,5.0,,,,,1.0,,4.0,,,,,2.0,,,1.0,1.0,,,,
452,38.0,28.0,93.0,12.0,40.0,7.0,28.0,20.0,15.0,1.0,2.0,,21.0,,,87.0,42.0,,1.0,14.0,,,,
453,,4.0,41.0,5.0,,,,,,2.0,14.0,,,,,,,4.0,3.0,,,,,
454,4.0,5.0,43.0,2.0,14.0,,,3.0,,,5.0,,,,,1.0,,,,,,,,
455,8.0,24.0,51.0,2.0,23.0,6.0,12.0,26.0,4.0,2.0,3.0,2.0,7.0,3.0,3.0,1.0,8.0,1.0,10.0,3.0,,,1.0,1.0
456,12.0,23.0,82.0,66.0,7.0,2.0,18.0,9.0,2.0,,2.0,5.0,8.0,,2.0,,1.0,,21.0,6.0,,,3.0,
457,2.0,,55.0,,51.0,3.0,13.0,3.0,,,15.0,,8.0,,3.0,,,,,,,,,
458,1.0,,41.0,,,,,,,,9.0,2.0,,2.0,,,,,,12.0,,,,
459,98.0,12.0,75.0,5.0,2.0,3.0,2.0,2.0,20.0,3.0,16.0,,8.0,2.0,,3.0,,2.0,2.0,132.0,,51.0,1.0,2.0
460,68.0,119.0,103.0,4.0,20.0,3.0,6.0,5.0,63.0,2.0,24.0,2.0,10.0,2.0,8.0,2.0,6.0,1.0,15.0,55.0,3.0,30.0,15.0,11.0
461,78.0,13.0,91.0,2.0,45.0,1.0,,1.0,21.0,2.0,1.0,1.0,14.0,,,4.0,2.0,,,108.0,4.0,7.0,,64.0
462,134.0,9.0,157.0,14.0,1.0,3.0,,3.0,42.0,2.0,9.0,1.0,8.0,,,5.0,,,,118.0,8.0,40.0,,33.0
463,291.0,14.0,83.0,9.0,,6.0,3.0,1.0,22.0,2.0,38.0,7.0,3.0,,1.0,1.0,3.0,2.0,1.0,203.0,10.0,213.0,,11.0
464,2.0,160.0,141.0,108.0,,,1.0,,,2.0,1.0,,,,1.0,1.0,1.0,,88.0,1.0,,,2.0,
465,41.0,5.0,56.0,4.0,42.0,41.0,97.0,,15.0,,1.0,,34.0,,1.0,,,1.0,1.0,3.0,4.0,,,
466,6.0,8.0,74.0,1.0,10.0,37.0,11.0,,4.0,2.0,3.0,,9.0,,,,,,,12.0,,1.0,,
467,,22.0,157.0,15.0,2.0,,3.0,,1.0,,17.0,2.0,1.0,1.0,,,,,32.0,1.0,,2.0,,
468,8.0,10.0,69.0,3.0,,,1.0,,,,8.0,,,,,,,,,1.0,,1.0,,1.0
469,,7.0,70.0,11.0,8.0,6.0,10.0,5.0,,,17.0,3.0,,,1.0,6.0,,2.0,6.0,1.0,,,,
470,1.0,3.0,47.0,1.0,,2.0,,,,,5.0,,1.0,5.0,,1.0,,,,,,,,
471,,3.0,91.0,,,,,,,,11.0,1.0,1.0,1.0,,,7.0,,,1.0,,,,
472,,5.0,37.0,2.0,,,,,,,7.0,,,,,,,1.0,,,,,,
473,30.0,50.0,167.0,1.0,16.0,15.0,103.0,,4.0,4.0,5.0,,44.0,5.0,,2.0,5.0,,,2.0,,1.0,,
474,4.0,3.0,91.0,1.0,7.0,9.0,7.0,,,,7.0,,8.0,,,2.0,,,,,,,,
475,14.0,36.0,70.0,4.0,,,,3.0,,,3.0,,,,,6.0,6.0,1.0,60.0,,,,,
476,,6.0,33.0,7.0,,,,,1.0,,11.0,,,,2.0,2.0,,2.0,1.0,,,1.0,,1.0
477,,,32.0,,,1.0,,,,,9.0,,,,,,,,,,,,,
478,,,26.0,1.0,7.0,20.0,10.0,3.0,,,2.0,8.0,,2.0,,1.0,,1.0,,,,,,
479,,3.0,59.0,5.0,,,,,,,5.0,,,1.0,,,,,22.0,,,,,
480,3.0,14.0,50.0,,2.0,8.0,45.0,,,,5.0,,1.0,,1.0,1.0,1.0,,1.0,,,1.0,,
481,,2.0,46.0,4.0,32.0,6.0,4.0,12.0,,2.0,9.0,,12.0,,1.0,,,,,,,,,
482,,1.0,33.0,1.0,18.0,13.0,3.0,1.0,,,,,1.0,,1.0,,,1.0,,,,,,
483,,2.0,113.0,7.0,,,1.0,,,,41.0,,,,,,,3.0,25.0,1.0,,1.0,,
484,,7.0,83.0,11.0,,,,,,1.0,3.0,,,,3.0,,,1.0,63.0,,,,,
485,,7.0,32.0,,,,,,,,2.0,,,,2.0,,,,5.0,,,,3.0,
486,,,48.0,,1.0,,,,,,7.0,,,4.0,,1.0,,,,,,,1.0,
487,7.0,13.0,38.0,12.0,,,,,3.0,2.0,5.0,,,17.0,,,2.0,1.0,2.0,,,4.0,,
488,1.0,3.0,37.0,13.0,1.0,1.0,,,2.0,,10.0,,,,,,,1.0,1.0,1.0,,1.0,,
489,,5.0,90.0,5.0,,,,,,31.0,13.0,,,,,6.0,,,1.0,,,,1.0,
490,,4.0,53.0,,,1.0,,,,3.0,10.0,,,3.0,,,,,,,,,,
491,,6.0,79.0,10.0,34.0,1.0,,,,,23.0,,,,1.0,,,2.0,65.0,,2.0,,,
492,20.0,5.0,46.0,3.0,,,,,,1.0,8.0,,,,,,,,33.0,,,,,
493,,1.0,56.0,1.0,6.0,9.0,2.0,1.0,,,,2.0,2.0,,,1.0,,1.0,1.0,,,,,
494,,1.0,47.0,1.0,2.0,24.0,8.0,,,,1.0,,1.0,,,,3.0,,1.0,,,,,
495,1.0,1.0,38.0,,4.0,4.0,6.0,,,,,,1.0,2.0,,,2.0,,1.0,,,,,
496,,6.0,43.0,1.0,,2.0,,,,,5.0,,1.0,,1.0,,8.0,,2.0,,,,,
497,1.0,24.0,106.0,27.0,1.0,1.0,1.0,2.0,1.0,2.0,,,1.0,,,16.0,2.0,,101.0,1.0,,,,
498,2.0,6.0,123.0,62.0,,,,4.0,,3.0,1.0,1.0,,3.0,,,1.0,,62.0,2.0,,1.0,1.0,
499,,3.0,55.0,1.0,1.0,,33.0,,,,,1.0,2.0,,,,,,,,,,,
500,3.0,2.0,151.0,3.0,4.0,24.0,26.0,,,1.0,1.0,,52.0,,4.0,,,1.0,1.0,1.0,,,2.0,
501,1.0,4.0,65.0,,27.0,19.0,23.0,,,1.0,1.0,,3.0,,,,,,,2.0,,,,
502,9.0,15.0,70.0,8.0,,,2.0,,4.0,1.0,17.0,3.0,1.0,,,1.0,,,2.0,5.0,,40.0,1.0,4.0
503,,4.0,68.0,5.0,,,,,,1.0,8.0,,,,,1.0,,2.0,17.0,1.0,,,,
504,58.0,27.0,73.0,1.0,,,1.0,,14.0,,11.0,3.0,,5.0,,,,,3.0,61.0,3.0,1.0,,3.0
505,6.0,10.0,65.0,8.0,,,,,1.0,1.0,1.0,,,2.0,,3.0,,,,17.0,,,,1.0
506,,6.0,112.0,1.0,45.0,8.0,11.0,12.0,,1.0,3.0,,8.0,2.0,2.0,1.0,2.0,,,5.0,1.0,1.0,1.0,
507,,,33.0,,2.0,20.0,12.0,4.0,,,,,6.0,,,,,,,,,,,
508,,6.0,29.0,,1.0,15.0,25.0,,1.0,6.0,1.0,,3.0,,,,,1.0,,,,,,
509,2.0,10.0,173.0,,,,,,1.0,373.0,3.0,1.0,,3.0,3.0,2.0,,,,,,,,
510,,7.0,115.0,6.0,,,,3.0,,151.0,12.0,,,1.0,,,1.0,,,,,,1.0,
511,,12.0,70.0,32.0,,,,,,3.0,18.0,,,1.0,,,,1.0,1.0,,,,,
512,5.0,239.0,88.0,120.0,24.0,5.0,36.0,23.0,1.0,37.0,10.0,1.0,3.0,2.0,6.0,23.0,50.0,7.0,10.0,2.0,,46.0,3.0,
513,,168.0,65.0,86.0,8.0,3.0,3.0,6.0,,14.0,24.0,,,6.0,3.0,22.0,54.0,6.0,20.0,,,7.0,1.0,
514,3.0,10.0,48.0,72.0,,,,,,,138.0,,,,,,,16.0,1.0,,,,1.0,
515,,1.0,34.0,2.0,9.0,3.0,,,,1.0,6.0,,2.0,1.0,1.0,,,,,,,,,
516,,6.0,70.0,2.0,30.0,88.0,8.0,,,,1.0,,14.0,2.0,4.0,,,,,,,1.0,1.0,1.0
517,,4.0,57.0,,10.0,17.0,8.0,3.0,1.0,,6.0,,5.0,2.0,,,,,,,,,,
518,1.0,3.0,39.0,7.0,1.0,,,1.0,,2.0,13.0,,7.0,6.0,,1.0,,,,,,,1.0,
519,14.0,21.0,63.0,10.0,,,,,5.0,5.0,9.0,,,,77.0,,,,2.0,1.0,,,17.0,
520,,51.0,92.0,2.0,4.0,3.0,6.0,2.0,,15.0,20.0,,1.0,,45.0,1.0,1.0,,1.0,,,1.0,12.0,
521,1.0,124.0,113.0,7.0,2.0,4.0,,3.0,,36.0,7.0,2.0,5.0,1.0,194.0,,,,,,1.0,1.0,41.0,
522,3.0,156.0,206.0,1.0,1.0,,1.0,1.0,,75.0,6.0,,1.0,,217.0,6.0,5.0,,1.0,,2.0,,30.0,1.0
523,,4.0,15.0,1.0,24.0,,,,,,9.0,,1.0,,,,,,,,,,1.0,
524,,6.0,91.0,3.0,12.0,19.0,58.0,10.0,,2.0,,,17.0,,,1.0,,,2.0,,,,,
525,,1.0,31.0,1.0,24.0,6.0,5.0,1.0,,,,,,,,,,,1.0,,,,,
526,1.0,4.0,73.0,,26.0,5.0,1.0,,,5.0,2.0,,1.0,3.0,,,,,,,,1.0,1.0,
527,9.0,18.0,56.0,2.0,,,,1.0,7.0,1.0,,,6.0,,11.0,,1.0,,5.0,3.0,2.0,1.0,,
528,6.0,27.0,9.0,,1.0,1.0,,1.0,,,,,3.0,,,,,,,,,,,
529,1.0,1.0,40.0,1.0,2.0,2.0,,,,,20.0,,14.0,2.0,,,1.0,1.0,,,,,,
530,,5.0,125.0,8.0,,,2.0,,,1.0,25.0,,,3.0,1.0,,4.0,,,,,,1.0,
531,,5.0,102.0,26.0,,,,,,,10.0,,5.0,,,,1.0,,,,,,1.0,
532,2.0,,46.0,1.0,3.0,9.0,22.0,1.0,,,5.0,,5.0,,,1.0,,1.0,,,,1.0,,
533,,1.0,24.0,1.0,3.0,3.0,11.0,3.0,,,36.0,,4.0,1.0,,,,1.0,,1.0,,,,
534,,,64.0,2.0,,,1.0,,1.0,,8.0,,,,,3.0,,9.0,,1.0,,,,1.0
535,1.0,5.0,68.0,1.0,15.0,,,,,,13.0,,,1.0,,,,21.0,,,,1.0,,
536,3.0,187.0,37.0,25.0,,,4.0,1.0,,1.0,10.0,,,,164.0,27.0,46.0,,45.0,1.0,,,84.0,2.0
537,,86.0,39.0,8.0,,,,2.0,,3.0,17.0,1.0,,,78.0,14.0,47.0,,12.0,1.0,,,18.0,
538,40.0,27.0,144.0,21.0,1.0,2.0,,,21.0,9.0,7.0,,2.0,,13.0,,,,103.0,78.0,1.0,59.0,1.0,2.0
539,20.0,4.0,52.0,11.0,2.0,2.0,1.0,,29.0,,12.0,2.0,16.0,,,,,,9.0,35.0,1.0,118.0,,7.0
540,5.0,62.0,111.0,10.0,2.0,,,1.0,3.0,2.0,29.0,,2.0,3.0,2.0,5.0,1.0,,2.0,38.0,,8.0,,
541,10.0,19.0,94.0,2.0,1.0,2.0,,2.0,,,23.0,,,11.0,2.0,,,,1.0,16.0,4.0,3.0,,
542,47.0,7.0,75.0,3.0,,,,2.0,9.0,,3.0,4.0,13.0,,1.0,7.0,,1.0,4.0,42.0,4.0,139.0,,32.0
543,15.0,35.0,146.0,,,,,,4.0,,1.0,7.0,7.0,,,7.0,1.0,,,29.0,,184.0,,77.0
544,128.0,6.0,128.0,,,,,,81.0,1.0,2.0,5.0,9.0,,2.0,2.0,3.0,,,106.0,6.0,200.0,,80.0
545,128.0,,103.0,3.0,,,,,142.0,4.0,1.0,12.0,5.0,,,7.0,2.0,,,25.0,4.0,66.0,,80.0
546,252.0,5.0,87.0,,,2.0,,24.0,151.0,,5.0,,,,1.0,1.0,1.0,,,130.0,5.0,65.0,,75.0
547,410.0,11.0,103.0,1.0,1.0,,,4.0,26.0,3.0,14.0,3.0,1.0,,,,1.0,,,21.0,1.0,95.0,,20.0
548,67.0,5.0,147.0,2.0,2.0,35.0,15.0,3.0,47.0,,3.0,5.0,22.0,1.0,8.0,,1.0,,,64.0,,74.0,1.0,19.0
549,103.0,6.0,295.0,8.0,10.0,1.0,1.0,2.0,18.0,1.0,3.0,2.0,2.0,3.0,,1.0,,,,17.0,44.0,183.0,,39.0
550,9.0,53.0,64.0,43.0,5.0,1.0,5.0,1.0,1.0,,1.0,1.0,22.0,9.0,,,,1.0,4.0,12.0,1.0,96.0,2.0,19.0
551,63.0,66.0,169.0,108.0,,,,3.0,3.0,1.0,2.0,29.0,,,4.0,2.0,4.0,,1.0,43.0,2.0,209.0,,126.0
552,5.0,32.0,171.0,14.0,1.0,1.0,,,,2.0,15.0,37.0,,1.0,1.0,5.0,,13.0,1.0,1.0,,2.0,,
553,,10.0,86.0,9.0,,,,,,,16.0,6.0,1.0,,,,,9.0,,,,,,
554,,29.0,158.0,20.0,14.0,4.0,2.0,,2.0,1.0,4.0,,9.0,9.0,,,,,59.0,1.0,,2.0,,8.0
555,16.0,111.0,172.0,49.0,,,1.0,,3.0,2.0,11.0,,1.0,,1.0,,,,97.0,1.0,,14.0,8.0,5.0
556,28.0,17.0,127.0,4.0,15.0,8.0,61.0,1.0,2.0,4.0,,8.0,28.0,,3.0,18.0,,1.0,,12.0,1.0,84.0,,6.0
557,64.0,137.0,132.0,26.0,,3.0,12.0,5.0,1.0,13.0,2.0,1.0,39.0,1.0,2.0,4.0,1.0,1.0,34.0,,2.0,140.0,,
558,2.0,159.0,114.0,109.0,3.0,10.0,,,,21.0,2.0,4.0,8.0,,6.0,,,,32.0,10.0,3.0,47.0,,4.0
559,,17.0,39.0,17.0,,,,,,,9.0,,,,,,,1.0,6.0,1.0,,1.0,,
560,,1.0,65.0,16.0,,,,,,2.0,9.0,,,6.0,,,,,,2.0,,,,
561,,5.0,48.0,6.0,,,2.0,,,30.0,7.0,,,2.0,1.0,,,,1.0,,,,,
562,2.0,16.0,191.0,16.0,,,,,1.0,297.0,1.0,,,,,,,1.0,19.0,5.0,,1.0,,
563,4.0,97.0,180.0,9.0,3.0,,12.0,4.0,,161.0,4.0,13.0,12.0,,10.0,4.0,1.0,,12.0,2.0,,,4.0,
564,,25.0,41.0,23.0,,,2.0,,,1.0,7.0,,,1.0,74.0,1.0,,1.0,2.0,4.0,21.0,1.0,77.0,
565,2.0,38.0,52.0,12.0,,,,3.0,,,9.0,,,,20.0,,,,3.0,2.0,1.0,3.0,6.0,
566,8.0,41.0,71.0,12.0,2.0,,,,,1.0,,,,,58.0,1.0,,,4.0,4.0,3.0,4.0,6.0,3.0
567,4.0,8.0,38.0,5.0,9.0,13.0,31.0,4.0,10.0,2.0,1.0,1.0,6.0,,,,,,28.0,1.0,,4.0,,
568,7.0,,45.0,2.0,12.0,,26.0,1.0,,1.0,1.0,,2.0,,,,,,5.0,,,6.0,,
569,7.0,6.0,53.0,17.0,,,1.0,,,2.0,4.0,,,,,1.0,,1.0,3.0,,,,,
570,17.0,348.0,108.0,79.0,,,,2.0,1.0,3.0,3.0,,13.0,,69.0,,,6.0,1.0,5.0,5.0,7.0,37.0,1.0
571,152.0,476.0,43.0,118.0,,,,1.0,,4.0,9.0,,,,163.0,6.0,6.0,1.0,1.0,,3.0,1.0,56.0,
572,43.0,504.0,51.0,80.0,,,,1.0,1.0,15.0,2.0,,3.0,,135.0,3.0,,,,2.0,,,18.0,1.0
573,25.0,278.0,89.0,22.0,,,,5.0,6.0,24.0,14.0,,10.0,,95.0,4.0,,,,2.0,,,49.0,
574,19.0,266.0,60.0,77.0,,,,4.0,1.0,4.0,5.0,,9.0,,127.0,2.0,,,,1.0,,1.0,54.0,
575,4.0,59.0,131.0,65.0,5.0,1.0,6.0,5.0,,,,,14.0,,32.0,,1.0,1.0,,2.0,1.0,3.0,18.0,
576,10.0,7.0,76.0,3.0,13.0,1.0,,6.0,3.0,,5.0,,21.0,,1.0,1.0,,,1.0,1.0,,5.0,,
577,,8.0,37.0,7.0,,,,,1.0,,16.0,3.0,1.0,1.0,3.0,,,,,1.0,1.0,10.0,,1.0
578,3.0,8.0,152.0,2.0,,,,,,2.0,8.0,,2.0,,2.0,,,,3.0,1.0,,,,
579,,6.0,63.0,23.0,15.0,,,,,1.0,20.0,,1.0,1.0,1.0,,,18.0,1.0,1.0,,7.0,,
580,1.0,7.0,32.0,15.0,,,,1.0,,,27.0,,,,1.0,,,14.0,1.0,,,,,
581,11.0,13.0,220.0,19.0,1.0,,,,4.0,3.0,1.0,,2.0,1.0,1.0,,,,33.0,3.0,,,,
582,4.0,8.0,54.0,5.0,,5.0,,2.0,1.0,1.0,7.0,,,3.0,,,,,31.0,,,2.0,,
583,8.0,68.0,66.0,27.0,,,,6.0,4.0,,11.0,3.0,,,6.0,2.0,1.0,,7.0,,9.0,6.0,,
584,9.0,8.0,75.0,4.0,22.0,1.0,,1.0,1.0,6.0,4.0,,9.0,,2.0,,1.0,,,2.0,1.0,,2.0,
585,,32.0,165.0,3.0,3.0,4.0,,,,,8.0,,14.0,2.0,1.0,1.0,8.0,1.0,,,,3.0,,1.0
586,7.0,16.0,106.0,1.0,14.0,4.0,14.0,,,2.0,1.0,,7.0,1.0,1.0,,,,,,,,,
587,3.0,,32.0,1.0,2.0,5.0,10.0,,,2.0,3.0,,5.0,,,,,,,,,1.0,,
588,3.0,5.0,57.0,2.0,1.0,,,,,327.0,5.0,,2.0,,,,,,29.0,,,,1.0,
589,,39.0,169.0,13.0,,,,,,148.0,1.0,,,,1.0,4.0,,,7.0,,,,,
590,,1.0,30.0,11.0,,,,,,,2.0,,,,,,,,,,,,1.0,
591,1.0,5.0,42.0,6.0,,,,,,1.0,18.0,,,,,,,2.0,,,,,2.0,
592,7.0,4.0,67.0,6.0,,,,,,3.0,18.0,,,,,,,8.0,,1.0,,,,
593,9.0,6.0,128.0,4.0,6.0,12.0,5.0,3.0,,3.0,15.0,2.0,37.0,,,1.0,2.0,,5.0,,28.0,96.0,,2.0
594,6.0,7.0,64.0,2.0,65.0,6.0,20.0,,,3.0,,,11.0,,,2.0,,,2.0,,2.0,31.0,,
595,1.0,3.0,29.0,21.0,,,,,,,3.0,,,,,2.0,,,,,,,,
596,1.0,21.0,99.0,25.0,,1.0,,1.0,5.0,3.0,13.0,7.0,,,2.0,16.0,,,,17.0,,1.0,1.0,
597,,9.0,26.0,14.0,5.0,,,,,,3.0,2.0,,,,,1.0,,,,,,,
598,,16.0,281.0,21.0,21.0,1.0,,1.0,,3.0,6.0,1.0,2.0,1.0,2.0,,,,21.0,1.0,,,1.0,
599,3.0,5.0,81.0,20.0,1.0,,,3.0,,1.0,15.0,,6.0,2.0,,12.0,1.0,2.0,5.0,,,1.0,,
600,1.0,3.0,85.0,1.0,3.0,17.0,3.0,3.0,,2.0,1.0,,16.0,12.0,1.0,,,,,,,,,1.0
601,2.0,2.0,37.0,,8.0,10.0,,6.0,,,,,3.0,,,2.0,3.0,,,,,1.0,,
602,,9.0,94.0,,1.0,129.0,2.0,2.0,2.0,,1.0,,6.0,3.0,1.0,1.0,3.0,1.0,,,,1.0,,
603,2.0,4.0,40.0,1.0,3.0,173.0,7.0,,3.0,,,,,11.0,1.0,1.0,3.0,1.0,,,8.0,2.0,,
604,,1.0,45.0,6.0,1.0,2.0,,,,1.0,31.0,,,1.0,,,,,,,,,,
605,,13.0,49.0,60.0,12.0,47.0,12.0,,,1.0,15.0,,4.0,,65.0,1.0,,,1.0,4.0,,,54.0,
606,1.0,16.0,95.0,110.0,6.0,9.0,3.0,1.0,,2.0,10.0,,2.0,,10.0,,,3.0,,1.0,,,4.0,
607,,,31.0,6.0,,1.0,,,,1.0,9.0,,1.0,,,,,,,,,,,
608,21.0,21.0,206.0,4.0,1.0,1.0,,2.0,4.0,1.0,5.0,1.0,38.0,,2.0,9.0,8.0,,,3.0,15.0,15.0,2.0,5.0
609,1.0,9.0,133.0,33.0,,,3.0,1.0,,5.0,25.0,3.0,3.0,,5.0,2.0,1.0,1.0,,,1.0,18.0,1.0,
610,2.0,14.0,95.0,44.0,3.0,1.0,,1.0,,1.0,20.0,3.0,1.0,2.0,4.0,2.0,2.0,,2.0,,,8.0,,
611,37.0,24.0,80.0,25.0,,,,,1.0,,5.0,,,,1.0,,,,,,2.0,2.0,,
612,13.0,10.0,150.0,13.0,1.0,,,,,,26.0,2.0,5.0,,3.0,,3.0,,,3.0,,,,
613,,9.0,62.0,11.0,,,,1.0,,,7.0,,1.0,8.0,,,,2.0,,,,14.0,1.0,1.0
614,9.0,16.0,50.0,8.0,56.0,20.0,2.0,1.0,16.0,2.0,3.0,25.0,4.0,,,,,,,21.0,,97.0,,156.0
615,1.0,4.0,82.0,2.0,6.0,2.0,8.0,1.0,,,,12.0,1.0,,,,,,1.0,33.0,,16.0,,20.0
616,,7.0,28.0,12.0,10.0,4.0,1.0,,,,9.0,,,,,,,,,,,4.0,,
617,,48.0,151.0,19.0,9.0,1.0,,1.0,,6.0,5.0,,1.0,,,,,1.0,,,,,,1.0
618,3.0,8.0,67.0,6.0,,,1.0,,,,6.0,,,,,,,,4.0,,,,,
619,4.0,14.0,103.0,2.0,49.0,9.0,4.0,,,1.0,1.0,,18.0,7.0,3.0,4.0,3.0,8.0,6.0,1.0,,7.0,1.0,
620,5.0,6.0,54.0,3.0,135.0,1.0,2.0,3.0,,1.0,1.0,,4.0,10.0,3.0,,,,,2.0,,1.0,3.0,
621,,4.0,52.0,2.0,,,,,,,6.0,,,1.0,,,,1.0,,,,4.0,,
622,,14.0,113.0,1.0,10.0,36.0,22.0,1.0,,7.0,1.0,,18.0,,28.0,,2.0,,,,,6.0,1.0,
623,2.0,8.0,106.0,,3.0,9.0,9.0,,,2.0,2.0,,4.0,,40.0,1.0,5.0,,,,,15.0,3.0,
624,,11.0,57.0,10.0,,,,,,1.0,6.0,,1.0,,93.0,,,,2.0,,,1.0,70.0,
625,,19.0,48.0,7.0,13.0,,,,,3.0,3.0,,2.0,,36.0,,8.0,,1.0,,,,45.0,
626,,16.0,79.0,11.0,1.0,,,,,,6.0,,9.0,3.0,,,,1.0,49.0,,,,,
627,,14.0,51.0,17.0,,,,,,,4.0,,1.0,,,,,,65.0,,,,,
628,7.0,,25.0,1.0,56.0,34.0,2.0,1.0,2.0,,,,30.0,,,1.0,,,,,,1.0,,
629,1.0,15.0,110.0,6.0,27.0,2.0,5.0,3.0,4.0,4.0,2.0,3.0,12.0,,1.0,,2.0,,10.0,9.0,2.0,35.0,1.0,15.0
630,69.0,14.0,30.0,6.0,,,,,19.0,1.0,6.0,7.0,,,1.0,,7.0,,1.0,28.0,,112.0,,73.0
631,141.0,15.0,143.0,6.0,1.0,,11.0,,16.0,3.0,26.0,2.0,,1.0,,1.0,,,,13.0,2.0,42.0,,4.0
632,64.0,18.0,173.0,7.0,,,,1.0,3.0,,15.0,22.0,1.0,,1.0,1.0,,2.0,1.0,43.0,1.0,94.0,,22.0
633,,6.0,26.0,2.0,,,,,,1.0,5.0,,,1.0,,1.0,,,,,,,,
634,10.0,9.0,114.0,7.0,20.0,20.0,3.0,3.0,,5.0,2.0,3.0,18.0,,5.0,,,,2.0,2.0,3.0,5.0,,1.0
635,2.0,7.0,57.0,,7.0,16.0,5.0,5.0,,1.0,,,34.0,,8.0,,,,1.0,,,1.0,,
636,12.0,29.0,172.0,4.0,6.0,3.0,4.0,5.0,2.0,106.0,1.0,,15.0,,4.0,5.0,,,9.0,,,4.0,1.0,
637,3.0,8.0,296.0,6.0,26.0,11.0,41.0,3.0,,162.0,4.0,,44.0,,,,,,4.0,,,1.0,,1.0
638,1.0,17.0,301.0,1.0,27.0,29.0,6.0,,,137.0,4.0,,34.0,,,2.0,,,1.0,1.0,,1.0,,
639,,1.0,40.0,5.0,,,,,,,21.0,,,4.0,,,,,,,,,,
640,1.0,20.0,116.0,49.0,1.0,,,,,2.0,30.0,,1.0,1.0,,4.0,,29.0,,2.0,,2.0,1.0,1.0
641,1.0,3.0,60.0,8.0,,,,,,,27.0,,,,1.0,,,4.0,1.0,,,1.0,,
642,,1.0,43.0,,2.0,4.0,,4.0,,1.0,,,5.0,3.0,1.0,,,,,,,,,
643,,42.0,46.0,60.0,,1.0,,,,11.0,3.0,,,2.0,1.0,,,,71.0,,,1.0,1.0,
644,1.0,48.0,58.0,67.0,,,,,,,4.0,,,,,,,,57.0,,,,1.0,
645,3.0,7.0,68.0,11.0,,5.0,1.0,,,,19.0,,1.0,,1.0,4.0,,,25.0,,1.0,1.0,31.0,4.0
646,,1.0,31.0,1.0,,,1.0,,,,9.0,,,,1.0,,1.0,,27.0,,,1.0,4.0,3.0
647,,2.0,46.0,5.0,,,,,,,7.0,,1.0,2.0,,,,,,,,,,
648,2.0,8.0,154.0,7.0,25.0,10.0,12.0,4.0,,3.0,4.0,,17.0,,,1.0,1.0,,,,,,,
649,11.0,4.0,69.0,1.0,37.0,,,6.0,,,,,18.0,,3.0,,3.0,,,1.0,,8.0,,
650,1.0,4.0,55.0,30.0,3.0,,1.0,,,1.0,6.0,,,2.0,,,,,,,,,,
651,,5.0,35.0,23.0,,,1.0,1.0,,1.0,9.0,,,,11.0,,,,,,,,1.0,
652,,1.0,40.0,3.0,,,,,,,17.0,,,,,,,,,,,,,
653,,10.0,69.0,4.0,,,1.0,,,2.0,9.0,,,,,1.0,,1.0,110.0,,,,,
654,1.0,12.0,99.0,14.0,,,,,,1.0,3.0,,,,2.0,,1.0,,,,1.0,,,
655,5.0,5.0,65.0,10.0,,,,,,2.0,6.0,5.0,,3.0,1.0,,,1.0,,,,,,
656,,2.0,25.0,3.0,,,1.0,,,1.0,2.0,6.0,,1.0,,,,,,1.0,,1.0,,
657,,8.0,64.0,6.0,,1.0,,,,,14.0,,1.0,,,,,12.0,,,,,,
658,,1.0,49.0,5.0,1.0,1.0,4.0,,,2.0,11.0,,2.0,,,,,12.0,,,,,,
659,2.0,14.0,95.0,10.0,,2.0,,,,4.0,21.0,,,11.0,,2.0,,2.0,8.0,1.0,,1.0,1.0,
660,,55.0,87.0,8.0,,,,,,,9.0,7.0,,2.0,29.0,2.0,,2.0,7.0,,,2.0,210.0,
661,,64.0,95.0,4.0,,1.0,,,,5.0,4.0,,1.0,1.0,44.0,,1.0,,,,,,28.0,
662,6.0,18.0,47.0,,,1.0,,2.0,2.0,5.0,13.0,,1.0,,14.0,,,,,,,2.0,17.0,
663,4.0,2.0,44.0,3.0,,,,1.0,,5.0,6.0,,,,13.0,,,,1.0,,,,17.0,
664,2.0,7.0,60.0,16.0,,,,,,,10.0,,1.0,,14.0,,,,,,,,58.0,
665,,12.0,107.0,2.0,95.0,9.0,5.0,3.0,,1.0,,,10.0,,1.0,,1.0,,,,,,,
666,,3.0,30.0,,8.0,6.0,6.0,3.0,,,,,5.0,,,,,,,,,,,
667,8.0,70.0,175.0,27.0,3.0,1.0,,6.0,,13.0,6.0,1.0,8.0,3.0,7.0,6.0,1.0,,,2.0,,2.0,1.0,2.0
668,,241.0,178.0,124.0,,3.0,,3.0,,9.0,17.0,1.0,7.0,,7.0,29.0,,,1.0,46.0,,2.0,3.0,1.0
669,3.0,135.0,65.0,38.0,,2.0,,5.0,,6.0,16.0,4.0,6.0,,5.0,19.0,3.0,,1.0,10.0,1.0,1.0,2.0,
670,2.0,7.0,36.0,7.0,1.0,,,3.0,,20.0,9.0,,,,2.0,13.0,2.0,,8.0,15.0,,1.0,,1.0
671,6.0,6.0,66.0,4.0,,,,1.0,,2.0,11.0,,,1.0,1.0,2.0,2.0,,1.0,5.0,2.0,2.0,,
672,1.0,39.0,48.0,15.0,,,,1.0,,,8.0,,13.0,,7.0,24.0,17.0,,,6.0,1.0,,3.0,
673,13.0,22.0,110.0,28.0,10.0,30.0,34.0,4.0,,1.0,,,27.0,1.0,1.0,,5.0,1.0,,,,8.0,,
674,48.0,9.0,82.0,1.0,11.0,3.0,62.0,29.0,1.0,7.0,3.0,,14.0,,1.0,,,,2.0,,,46.0,,1.0
675,1.0,11.0,88.0,2.0,3.0,8.0,4.0,2.0,,1.0,1.0,,6.0,,3.0,1.0,,,,1.0,,11.0,2.0,
676,2.0,20.0,157.0,11.0,,1.0,,,,2.0,4.0,,,1.0,,,,,69.0,,1.0,,,
677,,,30.0,,,,,,,6.0,4.0,,,,,,,,46.0,,,,,
678,,15.0,101.0,8.0,,,1.0,,,296.0,2.0,,,,2.0,6.0,1.0,,4.0,3.0,,9.0,1.0,
679,,7.0,75.0,,,,,2.0,,169.0,1.0,,,,,6.0,6.0,,8.0,2.0,,1.0,,
680,2.0,6.0,73.0,12.0,,20.0,2.0,,,7.0,2.0,,2.0,,,1.0,,,29.0,13.0,,,,
681,,1.0,41.0,1.0,2.0,20.0,1.0,,,1.0,,,,,2.0,,,,16.0,3.0,,,,
682,2.0,2.0,35.0,2.0,28.0,62.0,,,,1.0,16.0,,12.0,2.0,,,,,1.0,1.0,,,,
683,,2.0,34.0,50.0,,1.0,,,,3.0,,,,2.0,,,,1.0,,3.0,,1.0,1.0,
684,2.0,,46.0,11.0,1.0,5.0,,2.0,,,4.0,,3.0,8.0,,,,,,,,1.0,2.0,
685,1.0,2.0,28.0,,,,,,,,8.0,,,1.0,,,,,1.0,,,1.0,,
686,1.0,5.0,116.0,14.0,,1.0,,,,10.0,1.0,,,,,,,1.0,85.0,3.0,,1.0,,
687,,3.0,33.0,5.0,,1.0,,3.0,,13.0,11.0,,2.0,,,,,1.0,2.0,,,,,
688,1.0,,20.0,7.0,1.0,,,,,,5.0,,,,,,,,1.0,,,,,
689,,9.0,130.0,3.0,14.0,,3.0,3.0,,,13.0,,1.0,3.0,,,,,,,,,1.0,
690,,2.0,35.0,3.0,5.0,,,,,15.0,8.0,,,1.0,,,,,,,,,,
691,,2.0,47.0,5.0,,,,,,3.0,4.0,,,,1.0,1.0,,,1.0,,,,,1.0
692,7.0,8.0,37.0,13.0,,,,,,2.0,2.0,,,,,,,,,2.0,,,,
693,2.0,19.0,184.0,38.0,13.0,4.0,2.0,1.0,,4.0,5.0,,51.0,,5.0,,,,,,,,1.0,3.0
694,,7.0,227.0,4.0,29.0,8.0,15.0,1.0,,1.0,,,41.0,,,,,,,,,,,
695,,7.0,106.0,20.0,,1.0,,1.0,,,23.0,3.0,1.0,2.0,,,,,3.0,,1.0,1.0,,
696,,9.0,76.0,2.0,,,,,,,10.0,,,,,,,,1.0,,,1.0,,
697,1.0,51.0,136.0,14.0,2.0,1.0,,,,1.0,,,4.0,3.0,5.0,1.0,1.0,,72.0,2.0,,18.0,,
698,,32.0,97.0,3.0,,,,,,6.0,,,1.0,1.0,1.0,,,,16.0,,,3.0,,
699,4.0,34.0,131.0,21.0,5.0,4.0,14.0,1.0,,8.0,14.0,,15.0,,2.0,1.0,,,1.0,5.0,2.0,28.0,1.0,
700,11.0,237.0,89.0,140.0,2.0,,,3.0,,,22.0,,14.0,,,,,1.0,1.0,30.0,,23.0,,2.0
701,,102.0,93.0,18.0,,1.0,1.0,,,,,,3.0,,7.0,2.0,9.0,,2.0,2.0,,,3.0,
702,3.0,62.0,120.0,12.0,1.0,,1.0,1.0,44.0,3.0,15.0,2.0,5.0,4.0,139.0,1.0,5.0,,1.0,8.0,1.0,29.0,80.0,11.0
703,1.0,64.0,130.0,17.0,,,1.0,2.0,1.0,2.0,6.0,,1.0,,45.0,1.0,1.0,,3.0,7.0,3.0,17.0,37.0,4.0
704,9.0,7.0,35.0,7.0,,1.0,,,,2.0,10.0,,1.0,6.0,23.0,,,,,2.0,1.0,,26.0,
705,,11.0,30.0,7.0,,,,,,2.0,,,3.0,1.0,31.0,1.0,2.0,,1.0,,1.0,,23.0,
706,,5.0,31.0,8.0,,1.0,,,,,4.0,,1.0,3.0,34.0,,,,5.0,,,1.0,48.0,
707,2.0,17.0,52.0,8.0,1.0,1.0,,,1.0,,3.0,,,,44.0,,,,,,,1.0,71.0,
708,156.0,8.0,65.0,1.0,144.0,77.0,21.0,8.0,5.0,2.0,7.0,1.0,38.0,,1.0,4.0,4.0,11.0,5.0,15.0,,21.0,2.0,
709,2.0,1.0,56.0,1.0,27.0,5.0,6.0,9.0,,1.0,8.0,1.0,2.0,,,3.0,1.0,14.0,,,,4.0,,
710,,2.0,84.0,4.0,,,,,8.0,2.0,2.0,,,,,,,,57.0,,,,,
711,,13.0,247.0,4.0,5.0,2.0,1.0,4.0,,,3.0,2.0,7.0,1.0,1.0,2.0,1.0,,4.0,,,9.0,,
712,1.0,1.0,65.0,,,,,,,,1.0,,2.0,1.0,3.0,,,,8.0,,,1.0,,
713,1.0,7.0,110.0,18.0,,1.0,,,,1.0,50.0,,2.0,2.0,1.0,,,,2.0,,,,,
714,2.0,6.0,50.0,3.0,,1.0,,1.0,,,23.0,2.0,,,,2.0,5.0,,,,1.0,,,
715,,,13.0,1.0,6.0,2.0,,7.0,,,2.0,1.0,8.0,,,,,,,,,2.0,,
716,,1.0,33.0,,4.0,15.0,7.0,,,,,,10.0,,,1.0,,,,,,1.0,,
717,,1.0,43.0,1.0,,,,,,,4.0,,,13.0,,,,,,,,,,
718,,,20.0,3.0,,,,,,1.0,3.0,6.0,1.0,2.0,,,,,,,,,,1.0
719,1.0,27.0,136.0,6.0,1.0,,,,,6.0,8.0,82.0,1.0,3.0,,8.0,1.0,2.0,,1.0,9.0,10.0,,
720,44.0,25.0,129.0,5.0,2.0,,,,2.0,3.0,24.0,49.0,3.0,,4.0,1.0,3.0,,,16.0,1.0,36.0,,3.0
721,4.0,10.0,54.0,8.0,24.0,8.0,17.0,,1.0,1.0,7.0,,3.0,,,,,1.0,3.0,,,,,
722,2.0,8.0,35.0,,23.0,4.0,3.0,1.0,,1.0,6.0,,8.0,1.0,,,,,,,,,,
723,23.0,23.0,120.0,22.0,3.0,,1.0,6.0,,9.0,16.0,38.0,2.0,2.0,2.0,3.0,1.0,1.0,1.0,7.0,2.0,13.0,,
724,12.0,12.0,182.0,26.0,1.0,,,7.0,,15.0,11.0,11.0,20.0,,11.0,16.0,,,3.0,19.0,3.0,26.0,,1.0
725,,11.0,190.0,1.0,2.0,,,,,1.0,6.0,5.0,,,1.0,12.0,1.0,,,8.0,,3.0,,1.0
726,79.0,58.0,201.0,13.0,,1.0,,,,7.0,3.0,9.0,8.0,,4.0,1.0,8.0,,,100.0,2.0,54.0,,
727,2.0,41.0,66.0,3.0,38.0,14.0,2.0,1.0,,1.0,2.0,,22.0,,1.0,1.0,,,91.0,6.0,,56.0,,3.0
728,,4.0,66.0,2.0,4.0,3.0,1.0,,,,,,18.0,,,1.0,,,,,,,,
729,,2.0,58.0,8.0,,,,,,,18.0,1.0,,,,,,1.0,,,,,,
730,,15.0,61.0,57.0,,,,1.0,,3.0,21.0,,1.0,,,2.0,3.0,1.0,1.0,,,,1.0,
731,,13.0,48.0,9.0,,1.0,,,1.0,1.0,11.0,,1.0,,,1.0,,,2.0,,1.0,,,
732,,6.0,32.0,9.0,,1.0,,,,,5.0,,,,,,,,47.0,,,,,
733,16.0,50.0,117.0,7.0,17.0,,1.0,,,2.0,1.0,8.0,2.0,1.0,1.0,,,,,28.0,6.0,4.0,,2.0
734,,6.0,49.0,,2.0,3.0,11.0,,,,,2.0,,,,,,,,4.0,,,,
735,15.0,5.0,106.0,2.0,1.0,,15.0,,,,1.0,11.0,2.0,,,,1.0,,,1.0,1.0,1.0,,1.0
736,3.0,6.0,87.0,2.0,6.0,5.0,4.0,,,,3.0,2.0,22.0,,1.0,2.0,1.0,,3.0,10.0,,81.0,,2.0
737,,21.0,89.0,1.0,2.0,,,,,,9.0,2.0,15.0,,,,1.0,,,7.0,3.0,29.0,,3.0
738,,3.0,57.0,1.0,15.0,1.0,3.0,1.0,1.0,,6.0,,5.0,1.0,,,,,,2.0,,,,
739,,4.0,49.0,1.0,5.0,4.0,18.0,6.0,,,,,2.0,,,,,,,3.0,1.0,,,
740,,3.0,33.0,2.0,3.0,6.0,6.0,,,,5.0,,,,,,,,1.0,4.0,,4.0,,
741,,2.0,20.0,6.0,,,1.0,,,,7.0,,,2.0,,1.0,,,,3.0,,,,
742,1.0,172.0,185.0,44.0,1.0,4.0,2.0,1.0,,4.0,16.0,23.0,,,8.0,55.0,53.0,3.0,103.0,15.0,1.0,78.0,,4.0
743,4.0,156.0,284.0,40.0,4.0,,,,2.0,2.0,,,9.0,,3.0,2.0,30.0,,80.0,12.0,,109.0,5.0,
744,,22.0,53.0,22.0,1.0,,,,,,8.0,,,,2.0,,3.0,,,,2.0,,,
745,,,54.0,4.0,,,,1.0,,13.0,6.0,,,4.0,,,,,,,,,,
746,1.0,8.0,37.0,19.0,7.0,2.0,80.0,2.0,2.0,2.0,19.0,,3.0,,,,,,20.0,10.0,,,18.0,
747,4.0,2.0,33.0,5.0,,,,,,1.0,12.0,,1.0,1.0,1.0,,,,2.0,6.0,1.0,,,
748,7.0,4.0,57.0,7.0,6.0,10.0,9.0,1.0,,,14.0,2.0,10.0,,,,,1.0,,1.0,,,,
749,4.0,11.0,40.0,3.0,,,,,1.0,,4.0,2.0,2.0,1.0,,1.0,,,25.0,3.0,,3.0,,
750,11.0,1.0,31.0,,3.0,3.0,12.0,8.0,7.0,,3.0,,4.0,2.0,,,,,,1.0,,,,
751,13.0,11.0,92.0,,52.0,33.0,5.0,4.0,,3.0,3.0,7.0,27.0,,2.0,1.0,,,1.0,2.0,,5.0,,
752,21.0,7.0,92.0,8.0,19.0,14.0,37.0,2.0,1.0,,3.0,4.0,30.0,,,,,,,3.0,,16.0,,2.0
753,66.0,6.0,56.0,12.0,9.0,2.0,2.0,,4.0,95.0,17.0,6.0,14.0,2.0,8.0,3.0,,,23.0,123.0,,37.0,1.0,
754,71.0,6.0,75.0,37.0,,4.0,5.0,,9.0,53.0,20.0,7.0,68.0,1.0,23.0,25.0,8.0,,11.0,102.0,3.0,53.0,5.0,
755,6.0,11.0,80.0,7.0,1.0,2.0,,,1.0,125.0,38.0,9.0,9.0,,2.0,61.0,5.0,,2.0,142.0,2.0,80.0,1.0,
756,79.0,12.0,70.0,3.0,4.0,,,1.0,5.0,134.0,3.0,18.0,16.0,,10.0,97.0,3.0,,,147.0,3.0,43.0,,
757,10.0,45.0,309.0,15.0,2.0,,,1.0,,13.0,9.0,29.0,5.0,,1.0,4.0,18.0,4.0,18.0,7.0,6.0,21.0,1.0,
758,1.0,9.0,119.0,6.0,,,,,,2.0,21.0,11.0,,1.0,,,,,54.0,45.0,47.0,,,1.0
759,,13.0,62.0,23.0,,,,1.0,,,20.0,1.0,,2.0,,,,1.0,,2.0,,,,
760,1.0,14.0,39.0,,18.0,8.0,24.0,1.0,1.0,,1.0,,9.0,1.0,,,1.0,,,,4.0,,,
761,1.0,5.0,33.0,12.0,,,,,,,11.0,,,1.0,3.0,,2.0,,,1.0,,,,
762,12.0,11.0,89.0,5.0,,2.0,1.0,,,1.0,1.0,5.0,,2.0,36.0,,,,,3.0,1.0,8.0,82.0,2.0
763,1.0,17.0,53.0,2.0,,,,1.0,,,30.0,,,2.0,32.0,1.0,,,,1.0,,1.0,14.0,
764,7.0,19.0,42.0,12.0,,,,,,11.0,8.0,,1.0,,81.0,1.0,,,8.0,7.0,2.0,1.0,37.0,
765,4.0,10.0,60.0,13.0,,,,,,14.0,3.0,1.0,,,12.0,,,,,,,1.0,52.0,
766,,5.0,29.0,3.0,1.0,2.0,9.0,2.0,,7.0,2.0,1.0,,,20.0,,,,,,1.0,,15.0,
767,2.0,6.0,50.0,11.0,1.0,,1.0,,,6.0,9.0,,,,7.0,,,,17.0,,,,59.0,
768,4.0,,99.0,25.0,,,,,,,9.0,,,,1.0,1.0,,,,1.0,,,,
769,1.0,4.0,48.0,9.0,,,,3.0,,2.0,8.0,,,1.0,,,1.0,,1.0,2.0,,,,
770,,15.0,89.0,18.0,1.0,,,,,,15.0,,,,,,6.0,,,1.0,,,,
771,1.0,6.0,59.0,9.0,,,,,,2.0,10.0,,,1.0,,,,,78.0,,,,1.0,
772,3.0,8.0,59.0,6.0,89.0,8.0,9.0,,,,19.0,,12.0,,,1.0,,6.0,,,,,1.0,
773,,6.0,43.0,9.0,33.0,2.0,9.0,,,,7.0,,15.0,,,,,,,,,1.0,,
774,12.0,33.0,170.0,4.0,15.0,30.0,101.0,2.0,3.0,3.0,4.0,5.0,46.0,,,,,,1.0,6.0,,4.0,,
775,8.0,7.0,141.0,1.0,13.0,41.0,83.0,3.0,,2.0,2.0,34.0,15.0,,,,2.0,,,5.0,,64.0,,
776,1.0,34.0,83.0,23.0,,1.0,1.0,,,215.0,26.0,,,,2.0,,,,51.0,19.0,,12.0,,
777,11.0,35.0,153.0,30.0,,,,,1.0,166.0,14.0,,,,,,,,67.0,2.0,1.0,69.0,,
778,,1.0,27.0,1.0,,,2.0,,,2.0,8.0,,,,,,,,,,,2.0,,
779,,27.0,90.0,22.0,1.0,,,,,9.0,20.0,,5.0,1.0,,,,11.0,27.0,,2.0,4.0,1.0,
780,,22.0,45.0,8.0,,,,1.0,,2.0,9.0,,1.0,3.0,,4.0,,,16.0,1.0,,5.0,,
781,,2.0,27.0,2.0,,,,,,7.0,8.0,,,,1.0,5.0,,,1.0,,,,,
782,,4.0,77.0,,8.0,6.0,28.0,5.0,,,5.0,,13.0,3.0,1.0,,,,3.0,5.0,,,,
783,1.0,15.0,108.0,5.0,,2.0,,,,1.0,2.0,,4.0,4.0,3.0,,3.0,,,2.0,4.0,31.0,,
784,3.0,28.0,51.0,1.0,5.0,7.0,,,1.0,,3.0,,3.0,3.0,3.0,,1.0,,1.0,1.0,,19.0,1.0,
785,,1.0,73.0,14.0,,,,,,3.0,3.0,1.0,,3.0,,,,,40.0,,,,1.0,1.0
786,36.0,18.0,105.0,1.0,3.0,9.0,5.0,2.0,1.0,,2.0,33.0,23.0,4.0,,1.0,1.0,,1.0,30.0,1.0,72.0,,140.0
787,,4.0,70.0,1.0,1.0,,1.0,8.0,2.0,2.0,3.0,5.0,29.0,6.0,,2.0,1.0,,,182.0,2.0,16.0,,27.0
788,,2.0,114.0,1.0,1.0,5.0,2.0,,,,7.0,,2.0,,,,,,2.0,,,,,
789,,2.0,42.0,4.0,3.0,,,,,8.0,26.0,,,,,,2.0,,2.0,,,1.0,,
790,1.0,9.0,78.0,2.0,6.0,7.0,3.0,,,,,,12.0,,,1.0,1.0,,1.0,1.0,,,,
791,29.0,9.0,80.0,3.0,,,,5.0,4.0,1.0,27.0,,,1.0,,,1.0,3.0,,2.0,2.0,,,
792,4.0,7.0,102.0,1.0,,,1.0,1.0,2.0,1.0,27.0,1.0,2.0,1.0,,,,,,21.0,,,,8.0
793,5.0,33.0,182.0,55.0,1.0,1.0,,2.0,,1.0,7.0,4.0,11.0,,,1.0,1.0,,11.0,11.0,4.0,6.0,,2.0
794,1.0,89.0,91.0,19.0,,,1.0,,,,6.0,,3.0,,1.0,17.0,1.0,,15.0,1.0,1.0,13.0,,
795,,44.0,57.0,,2.0,2.0,15.0,,,,3.0,,14.0,,,,,,1.0,,,,,
796,4.0,2.0,106.0,17.0,,,,,,,13.0,,1.0,,1.0,,,,1.0,,,,,
797,5.0,27.0,105.0,8.0,,,,,1.0,4.0,9.0,,2.0,,6.0,2.0,1.0,9.0,70.0,,,45.0,5.0,
798,7.0,26.0,180.0,5.0,,,1.0,1.0,,20.0,25.0,4.0,3.0,,,,2.0,,21.0,,1.0,27.0,1.0,
799,9.0,25.0,115.0,13.0,2.0,1.0,,,6.0,155.0,2.0,,,,1.0,,7.0,,96.0,,,1.0,,
800,1.0,10.0,114.0,10.0,,,,5.0,,184.0,1.0,,1.0,,1.0,,,,108.0,,1.0,3.0,3.0,
801,1.0,5.0,85.0,2.0,19.0,8.0,3.0,,,1.0,3.0,,13.0,3.0,,,1.0,,1.0,,,,,
802,,16.0,119.0,3.0,4.0,1.0,1.0,1.0,,1.0,2.0,,2.0,,1.0,,,,2.0,,,,,
803,2.0,3.0,57.0,1.0,18.0,16.0,16.0,10.0,,1.0,4.0,,7.0,,,,,,,,,,,
804,38.0,2.0,122.0,1.0,25.0,5.0,2.0,,,1.0,9.0,20.0,5.0,,,1.0,1.0,3.0,1.0,2.0,,,,
805,1.0,3.0,86.0,1.0,25.0,4.0,1.0,,,,3.0,,23.0,1.0,1.0,,1.0,,2.0,,,,,
806,,6.0,86.0,16.0,,,,1.0,,1.0,13.0,,,1.0,,,,1.0,5.0,,,1.0,,
807,24.0,28.0,99.0,13.0,1.0,,,1.0,,1.0,2.0,1.0,,,2.0,,,1.0,38.0,1.0,,13.0,1.0,
808,25.0,29.0,113.0,3.0,3.0,2.0,,,3.0,7.0,10.0,1.0,,,,,,,30.0,2.0,,5.0,,
809,8.0,4.0,65.0,4.0,,,,,3.0,,7.0,1.0,5.0,1.0,3.0,,,,3.0,,,7.0,2.0,1.0
810,2.0,7.0,63.0,4.0,,,,,,1.0,9.0,,,3.0,,,,,,,,,,
811,1.0,,35.0,,,,,,,,13.0,,,5.0,,,,,,,,,,
812,,27.0,92.0,27.0,3.0,,1.0,,,1.0,7.0,,11.0,1.0,8.0,1.0,8.0,,36.0,1.0,2.0,18.0,1.0,
813,,4.0,29.0,2.0,,,,5.0,,,1.0,1.0,1.0,,,,2.0,,6.0,2.0,,2.0,,
814,1.0,5.0,67.0,14.0,,,,,,,25.0,,1.0,,,,1.0,1.0,,,,7.0,,
815,2.0,5.0,69.0,16.0,,,,,,,7.0,,,,3.0,,3.0,,,4.0,,1.0,1.0,
816,5.0,33.0,166.0,7.0,46.0,8.0,54.0,,,3.0,,1.0,28.0,,122.0,,,,,,,2.0,48.0,
817,,23.0,105.0,5.0,3.0,1.0,6.0,1.0,,1.0,1.0,2.0,18.0,,106.0,,1.0,1.0,,11.0,,,206.0,
818,86.0,18.0,239.0,2.0,26.0,5.0,10.0,7.0,,6.0,3.0,2.0,17.0,2.0,5.0,,5.0,,1.0,2.0,3.0,3.0,4.0,
819,4.0,5.0,90.0,6.0,13.0,5.0,11.0,1.0,1.0,1.0,5.0,,8.0,,,,,,,1.0,,,,
820,2.0,8.0,117.0,10.0,5.0,40.0,8.0,,,,,,8.0,,1.0,,,,,,,,,
821,35.0,4.0,69.0,1.0,73.0,18.0,8.0,2.0,2.0,,2.0,,47.0,4.0,,,,,2.0,,1.0,28.0,1.0,
822,,6.0,28.0,3.0,99.0,16.0,3.0,,,2.0,16.0,,7.0,2.0,,,,,,,,,,
823,4.0,21.0,149.0,10.0,,,,,,,18.0,6.0,3.0,1.0,,,1.0,5.0,,2.0,1.0,6.0,,
824,2.0,20.0,154.0,16.0,1.0,,,,,,10.0,9.0,13.0,,1.0,1.0,,1.0,,1.0,,5.0,,
825,1.0,307.0,65.0,83.0,41.0,,,4.0,,4.0,6.0,2.0,9.0,5.0,4.0,15.0,2.0,1.0,18.0,,12.0,1.0,,
826,3.0,110.0,48.0,56.0,1.0,1.0,1.0,4.0,1.0,1.0,2.0,,2.0,,1.0,,1.0,,,,,,,
827,,12.0,44.0,19.0,8.0,2.0,1.0,,,11.0,8.0,,10.0,,,,,,21.0,,,1.0,3.0,
828,12.0,12.0,80.0,21.0,,2.0,,2.0,4.0,1.0,36.0,3.0,,1.0,,1.0,,,,4.0,5.0,1.0,,1.0
829,2.0,2.0,70.0,11.0,2.0,1.0,1.0,,2.0,,3.0,1.0,,,,,,1.0,,3.0,2.0,2.0,,
830,3.0,25.0,132.0,,42.0,21.0,38.0,1.0,2.0,,5.0,,8.0,1.0,,,2.0,,1.0,2.0,,4.0,,
831,1.0,4.0,30.0,1.0,,,,,,,11.0,,,2.0,,,,,,,,1.0,,
832,29.0,53.0,146.0,3.0,4.0,3.0,,1.0,18.0,,2.0,43.0,9.0,2.0,,1.0,,,,79.0,3.0,58.0,,42.0
833,68.0,5.0,174.0,,1.0,,,,24.0,2.0,1.0,24.0,2.0,,,2.0,,1.0,,54.0,1.0,19.0,1.0,37.0
834,57.0,24.0,268.0,4.0,,6.0,1.0,5.0,25.0,25.0,7.0,23.0,10.0,,1.0,51.0,30.0,,,250.0,8.0,139.0,1.0,63.0
835,26.0,53.0,224.0,1.0,,,,13.0,18.0,3.0,5.0,18.0,1.0,,,45.0,106.0,,,17.0,11.0,212.0,,51.0
836,83.0,30.0,126.0,14.0,2.0,8.0,1.0,15.0,1.0,3.0,1.0,35.0,5.0,,,68.0,68.0,1.0,1.0,25.0,41.0,118.0,,33.0
837,,12.0,34.0,18.0,,1.0,,1.0,,,,,,,,,,,57.0,1.0,4.0,3.0,,
838,,20.0,141.0,2.0,12.0,5.0,7.0,1.0,,1.0,12.0,2.0,18.0,1.0,,,2.0,,1.0,,5.0,12.0,,
839,,6.0,46.0,1.0,2.0,15.0,9.0,,,,2.0,1.0,6.0,,2.0,,,,,1.0,,16.0,2.0,
840,1.0,11.0,87.0,13.0,,,,,,2.0,8.0,1.0,4.0,1.0,2.0,,,,172.0,3.0,2.0,1.0,,
841,3.0,7.0,46.0,6.0,,,,,,2.0,2.0,,,1.0,,1.0,,,37.0,,,2.0,,
842,3.0,7.0,97.0,5.0,,,,,,1.0,27.0,,,1.0,,,,1.0,,,,,,
843,10.0,13.0,54.0,12.0,3.0,4.0,1.0,,,3.0,7.0,,,3.0,,,,,,,,,2.0,
844,4.0,4.0,29.0,5.0,1.0,9.0,,3.0,,,2.0,,2.0,,5.0,,,,,,1.0,,6.0,
845,64.0,11.0,121.0,3.0,24.0,13.0,9.0,,7.0,5.0,,2.0,11.0,4.0,18.0,4.0,2.0,,,7.0,93.0,8.0,,1.0
846,2.0,21.0,128.0,,11.0,1.0,2.0,,,,2.0,,9.0,1.0,,,8.0,,,,9.0,1.0,,
847,1.0,3.0,64.0,17.0,7.0,,1.0,1.0,,1.0,28.0,1.0,1.0,,,4.0,,,,3.0,1.0,,,
848,4.0,2.0,127.0,9.0,234.0,20.0,34.0,,,,,,17.0,,,,,,2.0,,1.0,1.0,,
849,3.0,2.0,65.0,,,1.0,,,,1.0,2.0,,2.0,,,,3.0,,,,,1.0,,
850,7.0,14.0,82.0,2.0,,,,,,2.0,6.0,,,,,,,,8.0,,1.0,,,
851,3.0,3.0,81.0,,2.0,8.0,2.0,,1.0,1.0,1.0,,15.0,2.0,1.0,,,,,1.0,,,2.0,
852,5.0,9.0,96.0,,13.0,19.0,10.0,7.0,,26.0,1.0,,2.0,10.0,,,,,2.0,,,,,
853,2.0,5.0,60.0,1.0,2.0,,,1.0,,1.0,2.0,,1.0,,,,,,,,,,,
854,2.0,3.0,50.0,4.0,,,,,,1.0,14.0,,,,,,2.0,,,,,,,
855,,,32.0,,,,,,,3.0,11.0,1.0,,,,,,,,,2.0,,,
856,8.0,2.0,32.0,,6.0,7.0,5.0,,,3.0,3.0,,7.0,,,,,,,,,,,
857,7.0,43.0,177.0,13.0,9.0,4.0,,5.0,,6.0,8.0,1.0,12.0,1.0,,,2.0,,108.0,,2.0,1.0,,
858,21.0,9.0,142.0,7.0,1.0,2.0,9.0,,,3.0,7.0,,4.0,,3.0,,2.0,,3.0,,,68.0,,
859,4.0,19.0,123.0,31.0,7.0,2.0,3.0,,1.0,3.0,13.0,,26.0,,,,,,14.0,,,,,
860,17.0,7.0,140.0,11.0,7.0,6.0,2.0,2.0,3.0,2.0,19.0,,56.0,8.0,5.0,1.0,1.0,,2.0,1.0,,4.0,,
861,1.0,1.0,38.0,7.0,,1.0,,,,5.0,10.0,,,1.0,,,,,,,,,,
862,,5.0,90.0,,,1.0,,3.0,,,4.0,,,1.0,4.0,2.0,,,,,,1.0,1.0,
863,3.0,11.0,99.0,19.0,,1.0,5.0,,,,6.0,1.0,3.0,,81.0,,1.0,,,,15.0,,45.0,
864,1.0,7.0,53.0,3.0,,,,,,1.0,14.0,,9.0,,30.0,,,,3.0,,1.0,,60.0,
865,14.0,3.0,109.0,7.0,1.0,,2.0,,5.0,1.0,5.0,2.0,,1.0,5.0,,1.0,,,1.0,139.0,28.0,3.0,1.0
866,4.0,7.0,214.0,,,1.0,1.0,,,,9.0,5.0,,,6.0,,2.0,1.0,,1.0,24.0,3.0,5.0,
867,3.0,32.0,140.0,5.0,25.0,1.0,,,,4.0,9.0,,,,16.0,,8.0,,,1.0,1.0,1.0,2.0,6.0
868,45.0,9.0,97.0,1.0,1.0,4.0,9.0,,2.0,2.0,11.0,47.0,6.0,,,2.0,1.0,,1.0,13.0,3.0,121.0,,
869,4.0,1.0,117.0,9.0,6.0,17.0,6.0,2.0,,1.0,1.0,,21.0,6.0,1.0,1.0,2.0,,6.0,11.0,8.0,,,
870,46.0,10.0,72.0,2.0,2.0,27.0,12.0,5.0,,2.0,2.0,2.0,11.0,1.0,2.0,1.0,,,,,13.0,7.0,,
871,,1.0,19.0,,2.0,20.0,3.0,,,,2.0,,9.0,,,,2.0,,,,,,,
872,14.0,9.0,50.0,3.0,,,,,,1.0,6.0,1.0,2.0,,1.0,,,,5.0,,,8.0,1.0,
873,5.0,31.0,84.0,111.0,,,,,,,41.0,,1.0,2.0,2.0,,,2.0,5.0,35.0,,,5.0,
874,,39.0,66.0,50.0,1.0,,,2.0,,,51.0,,,,4.0,2.0,1.0,5.0,6.0,50.0,,1.0,,
875,1.0,8.0,92.0,8.0,,1.0,,1.0,1.0,5.0,4.0,,,1.0,,,,,2.0,,,,,4.0
876,1.0,2.0,86.0,1.0,,,,,,,13.0,,1.0,,,,,,3.0,,,,,
877,25.0,5.0,95.0,16.0,8.0,2.0,2.0,,,4.0,22.0,3.0,47.0,6.0,,1.0,,3.0,,,13.0,8.0,3.0,
878,13.0,4.0,93.0,2.0,,2.0,,,,2.0,11.0,60.0,62.0,3.0,1.0,4.0,,1.0,3.0,,2.0,4.0,1.0,
879,5.0,5.0,69.0,,36.0,28.0,22.0,,3.0,2.0,2.0,,2.0,,,,2.0,,2.0,2.0,,6.0,,1.0
880,,2.0,24.0,9.0,,,,,,,9.0,,,,1.0,,,1.0,,2.0,,,,
881,7.0,29.0,209.0,20.0,,,,,,17.0,11.0,9.0,,,,10.0,1.0,,11.0,6.0,,1.0,,
882,8.0,4.0,87.0,7.0,,1.0,1.0,,,1.0,3.0,,6.0,,,,,,50.0,,1.0,6.0,,
883,1.0,13.0,56.0,3.0,2.0,1.0,1.0,,,2.0,1.0,4.0,2.0,,2.0,1.0,1.0,,4.0,,,8.0,,
884,9.0,58.0,152.0,7.0,13.0,14.0,6.0,,2.0,5.0,3.0,,9.0,2.0,9.0,2.0,,,2.0,1.0,,2.0,,
885,2.0,24.0,178.0,31.0,1.0,,,,,6.0,29.0,,4.0,,75.0,2.0,,3.0,5.0,1.0,2.0,2.0,47.0,
886,2.0,7.0,101.0,20.0,2.0,1.0,,,1.0,2.0,21.0,,1.0,,62.0,1.0,1.0,2.0,2.0,2.0,4.0,7.0,30.0,
887,,7.0,43.0,12.0,1.0,,,,,,21.0,,,,28.0,,,4.0,2.0,,,,6.0,
888,3.0,2.0,93.0,8.0,2.0,,,,,1.0,37.0,,3.0,,,,,1.0,1.0,,,3.0,,
889,10.0,,73.0,1.0,2.0,,1.0,,,1.0,8.0,2.0,,,,,,,3.0,,1.0,2.0,1.0,
890,3.0,1.0,107.0,3.0,2.0,,1.0,,,1.0,18.0,1.0,1.0,4.0,3.0,,,3.0,6.0,,3.0,1.0,,
891,13.0,14.0,205.0,5.0,3.0,,,,,,7.0,22.0,4.0,3.0,3.0,,,,60.0,2.0,1.0,30.0,,
892,3.0,2.0,126.0,10.0,,1.0,,,,1.0,4.0,20.0,1.0,1.0,3.0,,,,10.0,,,43.0,,
893,2.0,13.0,105.0,9.0,,,,,,1.0,24.0,1.0,,,2.0,1.0,,,105.0,,1.0,1.0,,
894,1.0,5.0,65.0,7.0,,,,,,1.0,12.0,,,8.0,2.0,,,1.0,,,,1.0,,
895,2.0,6.0,89.0,24.0,,,,,,,13.0,,3.0,,,1.0,,,4.0,,,1.0,,
896,2.0,1.0,93.0,3.0,1.0,,2.0,,,,14.0,1.0,2.0,4.0,,,4.0,,1.0,,2.0,5.0,,
897,,2.0,75.0,1.0,1.0,3.0,,,,12.0,12.0,,1.0,,,2.0,,11.0,4.0,2.0,4.0,1.0,,1.0
898,1.0,9.0,98.0,5.0,35.0,12.0,13.0,8.0,,3.0,,2.0,39.0,3.0,,,,,1.0,4.0,24.0,5.0,,1.0
899,2.0,7.0,105.0,1.0,12.0,8.0,26.0,2.0,,1.0,2.0,,21.0,6.0,,1.0,,,1.0,,4.0,6.0,,
900,60.0,19.0,218.0,11.0,20.0,22.0,11.0,,14.0,8.0,9.0,,29.0,,1.0,2.0,1.0,,4.0,,,1.0,,
901,9.0,26.0,283.0,22.0,14.0,14.0,1.0,26.0,,2.0,16.0,,19.0,,8.0,,,,2.0,1.0,,1.0,,
902,13.0,7.0,111.0,21.0,1.0,1.0,,3.0,3.0,3.0,13.0,1.0,2.0,1.0,4.0,,,,3.0,3.0,,23.0,4.0,5.0
903,3.0,15.0,90.0,8.0,,1.0,,,1.0,,12.0,,,3.0,,,,,1.0,,,,1.0,
904,7.0,8.0,103.0,1.0,4.0,35.0,20.0,1.0,4.0,4.0,4.0,1.0,15.0,,,2.0,2.0,,6.0,1.0,1.0,10.0,,1.0
905,7.0,19.0,166.0,1.0,3.0,5.0,7.0,1.0,1.0,9.0,1.0,1.0,2.0,,2.0,,,,,1.0,12.0,,,
906,4.0,12.0,122.0,15.0,,1.0,,4.0,3.0,5.0,15.0,,,1.0,4.0,,,2.0,,,,2.0,,
907,7.0,11.0,107.0,8.0,,,,2.0,6.0,2.0,26.0,3.0,1.0,,52.0,1.0,1.0,1.0,2.0,,,2.0,2.0,
908,9.0,202.0,59.0,93.0,,1.0,,1.0,1.0,,8.0,,1.0,,3.0,23.0,16.0,1.0,186.0,,,,,
909,14.0,209.0,48.0,61.0,1.0,1.0,,,,1.0,26.0,,,1.0,5.0,25.0,66.0,4.0,41.0,1.0,,1.0,1.0,
910,2.0,15.0,103.0,15.0,1.0,,,,2.0,1.0,,,,,5.0,,,,184.0,,,,5.0,
911,5.0,6.0,96.0,1.0,1.0,1.0,,,1.0,,18.0,,,3.0,,,1.0,,,,,1.0,,
912,6.0,2.0,92.0,,,,,,2.0,,14.0,,1.0,3.0,,,6.0,,,1.0,3.0,,,
913,7.0,,85.0,2.0,1.0,3.0,,,,,14.0,,1.0,1.0,1.0,,7.0,,,1.0,,,,
914,3.0,7.0,119.0,,125.0,15.0,10.0,4.0,,2.0,1.0,,16.0,,,,,,,,,,,
915,,13.0,99.0,6.0,,1.0,3.0,,2.0,4.0,24.0,,,,,,2.0,1.0,1.0,,1.0,,,1.0
916,12.0,16.0,101.0,2.0,1.0,,1.0,29.0,10.0,1.0,4.0,3.0,30.0,2.0,,5.0,3.0,,,10.0,23.0,166.0,,5.0
917,3.0,10.0,65.0,,,,,11.0,,,,,1.0,10.0,2.0,,7.0,,,,50.0,30.0,4.0,22.0
918,47.0,11.0,140.0,7.0,,,1.0,2.0,7.0,28.0,20.0,,2.0,1.0,1.0,,1.0,,,7.0,8.0,13.0,1.0,
919,61.0,10.0,236.0,2.0,,,,23.0,8.0,,60.0,,4.0,,,2.0,3.0,,3.0,10.0,14.0,17.0,,
920,1.0,3.0,57.0,8.0,62.0,7.0,,,2.0,,11.0,1.0,29.0,5.0,,,,,,1.0,,3.0,,
921,39.0,27.0,96.0,34.0,1.0,2.0,1.0,1.0,3.0,3.0,3.0,26.0,2.0,3.0,3.0,5.0,3.0,2.0,27.0,279.0,20.0,120.0,,
922,169.0,12.0,74.0,22.0,1.0,,,,3.0,1.0,3.0,8.0,2.0,,5.0,9.0,2.0,,11.0,99.0,16.0,90.0,,1.0
923,8.0,12.0,135.0,2.0,44.0,24.0,14.0,,7.0,,,,26.0,,,,5.0,,4.0,,,,,
924,33.0,6.0,216.0,11.0,35.0,8.0,8.0,3.0,,3.0,12.0,,16.0,4.0,,1.0,3.0,,3.0,4.0,1.0,1.0,,
925,26.0,36.0,237.0,21.0,9.0,4.0,8.0,,,12.0,19.0,1.0,53.0,1.0,5.0,1.0,,,2.0,4.0,,4.0,,
926,4.0,12.0,92.0,3.0,29.0,20.0,97.0,8.0,2.0,2.0,2.0,,10.0,,6.0,,1.0,,2.0,3.0,,2.0,3.0,
927,17.0,12.0,82.0,17.0,,,,2.0,2.0,6.0,8.0,3.0,,,94.0,,,,20.0,6.0,3.0,2.0,41.0,
928,2.0,17.0,57.0,4.0,,,,,2.0,3.0,9.0,,,2.0,47.0,,1.0,,1.0,,,,7.0,
929,9.0,8.0,80.0,5.0,,,,1.0,3.0,,1.0,,2.0,,44.0,,,1.0,,2.0,,2.0,39.0,
930,5.0,6.0,128.0,3.0,,,,,1.0,1.0,27.0,,1.0,,1.0,,,,2.0,1.0,,,1.0,
931,3.0,1.0,77.0,6.0,,,,2.0,,,20.0,,1.0,1.0,,,,,4.0,,,,,
932,2.0,,60.0,1.0,,39.0,5.0,,,,3.0,,15.0,4.0,,,,,,,,4.0,,
933,3.0,31.0,167.0,25.0,1.0,,,,,3.0,1.0,,,3.0,,1.0,,1.0,80.0,4.0,1.0,17.0,1.0,
934,,8.0,74.0,4.0,,,,,,,3.0,,1.0,2.0,1.0,1.0,,,19.0,,,4.0,2.0,
935,4.0,2.0,148.0,,7.0,3.0,25.0,5.0,,1.0,2.0,1.0,20.0,,1.0,,,,,2.0,,3.0,1.0,
936,6.0,75.0,62.0,40.0,1.0,,10.0,,,1.0,8.0,6.0,1.0,,2.0,81.0,3.0,,5.0,8.0,6.0,197.0,,1.0
937,5.0,92.0,60.0,12.0,,,24.0,,,4.0,11.0,10.0,,,1.0,46.0,70.0,,3.0,13.0,1.0,95.0,4.0,
938,,3.0,98.0,2.0,,,,1.0,,1.0,32.0,,,2.0,,,,,,1.0,,,,
939,3.0,2.0,47.0,25.0,,,,,,,8.0,1.0,1.0,,3.0,,4.0,,1.0,,2.0,1.0,,
940,5.0,14.0,95.0,16.0,,,1.0,2.0,,,8.0,17.0,1.0,,99.0,,1.0,,1.0,3.0,,18.0,40.0,
941,2.0,40.0,60.0,36.0,1.0,1.0,1.0,,1.0,8.0,2.0,6.0,,1.0,42.0,,,,3.0,,4.0,18.0,27.0,
942,1.0,12.0,23.0,1.0,,1.0,,1.0,,53.0,3.0,,7.0,,,,3.0,,20.0,,2.0,20.0,,
943,,9.0,32.0,1.0,,,,,,35.0,3.0,,2.0,,,,2.0,,2.0,,7.0,5.0,,
944,,6.0,23.0,6.0,8.0,5.0,4.0,5.0,,,,,6.0,,,,1.0,,,,13.0,,,
945,6.0,1.0,23.0,,,2.0,4.0,,,,,2.0,6.0,,,,,,,2.0,3.0,,,
946,,10.0,26.0,1.0,,,,,,,4.0,,,,,,,,,,,,1.0,
947,,2.0,13.0,1.0,,,,,,,2.0,1.0,1.0,,,,,,,,,,,
948,,1.0,12.0,,,,,1.0,,,2.0,,1.0,,,,,,,,,,,
949,8.0,2.0,13.0,1.0,,,,,1.0,1.0,10.0,1.0,1.0,,1.0,,,,,1.0,38.0,,,1.0
950,,1.0,20.0,1.0,,1.0,1.0,,,,18.0,1.0,2.0,,,,1.0,,2.0,,19.0,,,
951,1.0,6.0,25.0,1.0,4.0,6.0,6.0,,1.0,,,,2.0,1.0,1.0,9.0,4.0,,12.0,1.0,1.0,,,
952,,1.0,41.0,,3.0,9.0,3.0,,,,,,5.0,1.0,,1.0,,,,,10.0,,,
953,,1.0,9.0,1.0,,3.0,2.0,3.0,,,3.0,11.0,,,,,,,,,,1.0,,
954,,3.0,33.0,,,,,,,1.0,,,,1.0,,,,1.0,,,,,,
955,,3.0,18.0,,,,2.0,,,,5.0,,,,,11.0,,1.0,,,,,,
956,4.0,11.0,27.0,4.0,1.0,,2.0,,3.0,,11.0,,,,,,,11.0,,,,,,
957,34.0,10.0,29.0,19.0,,,,3.0,2.0,1.0,12.0,1.0,,,2.0,1.0,,4.0,1.0,,,,,
958,1.0,5.0,11.0,,,,,,,1.0,,,,1.0,,,,,,,7.0,,,
959,1.0,,9.0,,6.0,5.0,1.0,1.0,,1.0,,,5.0,,,,,,,,,,,
960,,,13.0,,,,,,,1.0,,,,,,,,,1.0,,,,1.0,
961,1.0,1.0,7.0,,,,,,,,1.0,,,,,,,1.0,,,,,,
962,,2.0,9.0,,11.0,,,,,,3.0,,6.0,,1.0,,,,1.0,,,1.0,,1.0
963,,2.0,14.0,,,,,,,,2.0,,,1.0,,,,,,,,,,
964,2.0,2.0,33.0,,8.0,5.0,,,,1.0,2.0,2.0,2.0,,,1.0,,,,2.0,18.0,1.0,,
965,,,29.0,,45.0,1.0,2.0,,,,,1.0,3.0,1.0,,,6.0,,,,4.0,11.0,,
966,,,18.0,,1.0,,,,,,3.0,,2.0,2.0,,,,,,,2.0,,,
967,,,29.0,,7.0,2.0,,,,,,,,2.0,,,,,,,,,,
968,1.0,,66.0,,2.0,,,,,1.0,4.0,,,,2.0,,,,,,,,,
969,,1.0,41.0,5.0,,,,1.0,,,,,,,,,,,,,,,,
970,,,5.0,2.0,,,,,,,3.0,,,,,,,1.0,43.0,1.0,,,,
971,,32.0,14.0,14.0,,,,,,,,1.0,1.0,,19.0,,,,5.0,,1.0,1.0,5.0,
972,,6.0,8.0,15.0,1.0,1.0,,,,,2.0,,,,9.0,,,,2.0,,,,1.0,
973,,2.0,13.0,,5.0,11.0,3.0,,,,,2.0,1.0,,,1.0,,,,,,,,
974,,37.0,45.0,15.0,,,,1.0,,,1.0,4.0,,,5.0,,1.0,1.0,7.0,,,,1.0,
975,,7.0,22.0,2.0,,,,,,,,,1.0,,2.0,,,,7.0,,,,,
976,,,9.0,1.0,1.0,1.0,,,,,1.0,,,,,,,,,,,,,
977,1.0,,10.0,,7.0,8.0,4.0,,,,,,7.0,1.0,,,,,,,,,,
978,,,31.0,,9.0,1.0,22.0,,,,1.0,1.0,4.0,,,,,,,,,,,
979,,1.0,9.0,,,1.0,,,,,,,,,,,,,5.0,,,,,
980,12.0,8.0,27.0,,4.0,5.0,7.0,1.0,,3.0,1.0,2.0,25.0,,1.0,,,,,,3.0,7.0,,
981,1.0,1.0,17.0,1.0,,6.0,1.0,1.0,1.0,1.0,,3.0,6.0,,,,,,,,1.0,7.0,,
982,19.0,127.0,53.0,26.0,1.0,2.0,,,,1.0,1.0,,4.0,,37.0,5.0,1.0,,157.0,1.0,,,3.0,
983,,68.0,21.0,12.0,,,,,,,,,,,3.0,,,,19.0,,,,3.0,
984,,87.0,7.0,2.0,,,,,,,1.0,,1.0,,9.0,11.0,7.0,,49.0,,,,14.0,
985,7.0,106.0,22.0,55.0,,,,,,14.0,3.0,,5.0,,17.0,5.0,6.0,,55.0,2.0,1.0,,1.0,
986,,,3.0,,7.0,,1.0,,,,,,,,,,,,,,1.0,,,
987,,2.0,3.0,1.0,1.0,1.0,,,,,,,,,,,,,,,,,,
988,,5.0,9.0,3.0,,,,1.0,,,,,,,,,,,,,,,,
989,1.0,10.0,4.0,11.0,,,,,,,5.0,,,,,,,,,,,,,
990,,,3.0,,,,,,,,,,,,,,,,,,1.0,,,
991,,,5.0,,,,,,,,2.0,,,2.0,,,,,,,,,,
992,,,12.0,,,,,,,,2.0,,,,,,,,,,,,,
993,,,55.0,,10.0,7.0,9.0,,,,,,,,,,,,,,,,,
994,,14.0,41.0,5.0,5.0,31.0,1.0,19.0,1.0,15.0,,,6.0,,1.0,,,,32.0,,,3.0,,
995,2.0,4.0,119.0,3.0,2.0,24.0,,27.0,,2.0,12.0,2.0,11.0,9.0,2.0,2.0,,,3.0,,,,,
996,,1.0,67.0,1.0,17.0,6.0,2.0,7.0,,2.0,10.0,,13.0,1.0,1.0,,,,1.0,,,1.0,,
997,39.0,4.0,187.0,9.0,,,,,,1.0,36.0,,1.0,2.0,1.0,,,,1.0,11.0,8.0,,,
998,27.0,64.0,103.0,10.0,8.0,3.0,,3.0,3.0,43.0,2.0,1.0,55.0,,16.0,2.0,2.0,,18.0,42.0,127.0,114.0,,1.0
999,93.0,90.0,102.0,6.0,3.0,7.0,,7.0,13.0,29.0,3.0,7.0,35.0,,12.0,18.0,11.0,,10.0,8.0,89.0,4.0,,1.0
1000,5.0,6.0,88.0,,1.0,1.0,1.0,1.0,,2.0,23.0,,1.0,1.0,,,,4.0,1.0,8.0,1.0,2.0,,
1001,2.0,2.0,84.0,1.0,8.0,31.0,16.0,,,,4.0,,27.0,2.0,,,,,1.0,4.0,2.0,,,
1002,2.0,6.0,114.0,2.0,21.0,9.0,18.0,,1.0,1.0,2.0,1.0,16.0,,,,,,,1.0,,,,
1003,3.0,14.0,63.0,2.0,,,,,,79.0,8.0,,3.0,,,,,1.0,,7.0,,,,
1004,2.0,19.0,96.0,3.0,4.0,,,17.0,1.0,6.0,16.0,,6.0,3.0,,,1.0,,1.0,1.0,,,,
1005,3.0,4.0,93.0,1.0,71.0,4.0,4.0,7.0,,1.0,2.0,,14.0,3.0,,,,,,1.0,1.0,1.0,,
1006,13.0,2.0,102.0,,,,,,4.0,,16.0,,2.0,2.0,,,,1.0,5.0,,7.0,,,
1007,10.0,6.0,63.0,2.0,,,,,,,16.0,,1.0,1.0,,1.0,,3.0,1.0,2.0,12.0,,,
1008,3.0,3.0,65.0,,5.0,1.0,,7.0,,,1.0,,6.0,1.0,,,,,,2.0,1.0,,,
1009,8.0,33.0,142.0,16.0,,1.0,,3.0,4.0,,17.0,25.0,15.0,,4.0,1.0,1.0,1.0,1.0,10.0,7.0,32.0,,
1010,14.0,6.0,73.0,4.0,5.0,,,,7.0,3.0,26.0,16.0,40.0,1.0,2.0,2.0,,,1.0,6.0,5.0,56.0,,1.0
1011,13.0,16.0,82.0,3.0,1.0,4.0,,,1.0,,27.0,14.0,5.0,1.0,4.0,14.0,19.0,,2.0,5.0,3.0,52.0,,
1012,8.0,5.0,69.0,4.0,7.0,30.0,22.0,,1.0,,2.0,1.0,36.0,,,,,,,1.0,2.0,1.0,,
1013,6.0,2.0,82.0,1.0,,,,,,1.0,8.0,,4.0,2.0,,,1.0,,2.0,2.0,,,,
1014,1.0,2.0,79.0,3.0,,,,,,,24.0,1.0,1.0,,,,,,,3.0,,1.0,,
1015,8.0,2.0,110.0,2.0,,,,,,1.0,8.0,,1.0,1.0,,,,,,5.0,,1.0,,
1016,1.0,2.0,89.0,8.0,,,,,,,14.0,,2.0,3.0,,,,,,1.0,,,,
1017,4.0,7.0,86.0,3.0,60.0,35.0,18.0,1.0,2.0,4.0,7.0,1.0,20.0,1.0,,1.0,,,4.0,4.0,1.0,,,
1018,1.0,9.0,101.0,12.0,1.0,1.0,2.0,,,,7.0,,1.0,9.0,,18.0,,,71.0,4.0,,,,
1019,4.0,7.0,141.0,3.0,3.0,,,,1.0,2.0,49.0,,22.0,3.0,,3.0,2.0,6.0,1.0,15.0,2.0,,1.0,3.0
1020,1.0,6.0,111.0,4.0,1.0,,,,,2.0,33.0,1.0,22.0,,,10.0,,32.0,,60.0,4.0,,,3.0
1021,1.0,9.0,134.0,7.0,1.0,18.0,15.0,1.0,1.0,,56.0,,9.0,,2.0,,1.0,26.0,1.0,3.0,,2.0,2.0,
1022,3.0,18.0,99.0,16.0,1.0,,,,1.0,6.0,5.0,2.0,11.0,1.0,56.0,1.0,1.0,,,,,,34.0,
1023,18.0,8.0,199.0,7.0,10.0,3.0,5.0,,6.0,2.0,16.0,,25.0,1.0,48.0,,5.0,,1.0,,3.0,4.0,29.0,
1024,,1.0,145.0,6.0,3.0,13.0,,1.0,,2.0,15.0,,19.0,,16.0,4.0,6.0,1.0,3.0,,,3.0,18.0,1.0
1025,1.0,7.0,158.0,53.0,,2.0,,,,1.0,1.0,5.0,3.0,,48.0,,2.0,,9.0,,1.0,,68.0,
1026,,3.0,145.0,12.0,,1.0,2.0,1.0,,2.0,21.0,,,,,,1.0,1.0,109.0,,,,,
1027,,14.0,140.0,6.0,,,,,,1.0,14.0,,,,,,,,4.0,,1.0,1.0,,1.0
1028,13.0,2.0,116.0,7.0,2.0,7.0,,1.0,,2.0,6.0,1.0,13.0,,1.0,,,,2.0,7.0,,5.0,,
1029,3.0,2.0,73.0,2.0,2.0,2.0,1.0,,,,6.0,1.0,4.0,3.0,,1.0,,,,2.0,32.0,21.0,,
1030,4.0,2.0,158.0,1.0,,,,,1.0,1.0,,,1.0,,,,,,3.0,,1.0,123.0,,
1031,3.0,5.0,175.0,,,,,,1.0,,3.0,,,,5.0,,,,,,10.0,7.0,1.0,
1032,,12.0,71.0,6.0,,,,,,,12.0,,,,,,,,,,,,,
1033,13.0,2.0,128.0,4.0,,,,,17.0,6.0,20.0,,3.0,,,,,2.0,,,,2.0,,1.0
1034,4.0,6.0,94.0,2.0,,3.0,,,,,19.0,,2.0,3.0,,,,,,,,,,
1035,4.0,9.0,136.0,,6.0,14.0,3.0,4.0,,5.0,7.0,,10.0,,,4.0,,,,,,2.0,1.0,
1036,1.0,11.0,226.0,3.0,,,,,,1.0,30.0,,,,1.0,,,16.0,,,,13.0,1.0,
1037,17.0,14.0,189.0,22.0,,,,2.0,2.0,7.0,10.0,,1.0,1.0,1.0,,5.0,1.0,2.0,,,,,
1038,1.0,6.0,79.0,4.0,44.0,15.0,29.0,,,2.0,4.0,,16.0,,3.0,,,,,,,,2.0,
1039,1.0,4.0,80.0,2.0,10.0,17.0,1.0,,,36.0,7.0,,14.0,,6.0,,,1.0,,1.0,1.0,,3.0,
1040,3.0,11.0,53.0,18.0,,,,2.0,1.0,119.0,3.0,,,,48.0,,,,3.0,,1.0,1.0,40.0,3.0
1041,7.0,18.0,133.0,9.0,,3.0,,,,108.0,2.0,3.0,,,56.0,,1.0,,1.0,1.0,,6.0,41.0,
1042,2.0,9.0,118.0,22.0,,,1.0,,1.0,3.0,26.0,2.0,,,,1.0,,1.0,1.0,,1.0,,1.0,
1043,6.0,11.0,108.0,2.0,,1.0,,3.0,1.0,4.0,9.0,,,1.0,1.0,,,11.0,,3.0,,15.0,,
1044,2.0,1.0,80.0,7.0,,2.0,,,,,14.0,,5.0,4.0,,1.0,,,11.0,,,,1.0,
1045,,14.0,163.0,18.0,,,,,,,13.0,,1.0,4.0,,1.0,,,135.0,,,1.0,,
1046,5.0,7.0,159.0,1.0,81.0,26.0,15.0,,,44.0,3.0,,33.0,,,,,1.0,3.0,,4.0,,,
1047,2.0,7.0,125.0,1.0,,,,,1.0,3.0,4.0,,,,2.0,8.0,,,,30.0,11.0,1.0,,
1048,,3.0,66.0,3.0,3.0,,,5.0,,,10.0,,,,,3.0,,1.0,16.0,2.0,,,,2.0
1049,5.0,10.0,111.0,13.0,,1.0,,,,,11.0,,,2.0,,,,,115.0,2.0,,,,1.0
1050,10.0,5.0,136.0,7.0,5.0,2.0,,2.0,2.0,15.0,7.0,4.0,,7.0,7.0,1.0,3.0,,77.0,1.0,1.0,4.0,,
1051,9.0,86.0,207.0,43.0,,,,,3.0,88.0,3.0,1.0,36.0,25.0,4.0,2.0,1.0,1.0,10.0,,1.0,4.0,4.0,
1052,6.0,21.0,122.0,18.0,26.0,3.0,34.0,3.0,,4.0,3.0,1.0,11.0,4.0,6.0,8.0,,,94.0,11.0,,6.0,2.0,
